2025-05-16 12:26:13,899 - INFO - ⚙️ Iniciando bot de trading...
2025-05-16 12:26:13,899 - INFO - 🔗 Conectando a Binance...
2025-05-16 12:26:15,215 - INFO - ✅ Conexión exitosa con Binance.
2025-05-16 12:26:15,215 - INFO - 📊 Obteniendo datos históricos de ETHUSDT en intervalo 1m...
2025-05-16 12:26:15,215 - INFO - 📌 Solicitando datos históricos (5000 registros) desde Binance...
2025-05-16 12:26:16,556 - INFO - ✅ Datos históricos listos: 3000 registros.
2025-05-16 12:26:16,556 - INFO - ✅ Datos históricos obtenidos con 3000 registros.
2025-05-16 12:26:17,504 - INFO - ✅ Conexión exitosa con Binance.
2025-05-16 12:26:17,504 - INFO - 📥 Obteniendo 3000 registros de ETHUSDT...
2025-05-16 12:26:17,520 - INFO - 🔍 Columnas detectadas: ['close', 'high', 'low', 'open', 'price', 'timestamp', 'volume']
2025-05-16 12:26:17,533 - INFO - 🔍 Primeras 5 filas:
     close     high      low     open    price        timestamp    volume
0  1823.96  1823.97  1822.55  1823.57  1823.96  1746484380000.0  152.7713
1  1822.60  1823.97  1822.20  1823.97  1822.60  1746484440000.0  182.9051
2  1823.99  1823.99  1822.60  1822.60  1823.99  1746484500000.0  197.1422
3  1824.48  1824.48  1823.68  1824.00  1824.48  1746484560000.0  179.0136
4  1824.65  1824.81  1824.00  1824.48  1824.65  1746484620000.0  110.4405
2025-05-16 12:26:17,558 - INFO - ✅ Datos históricos obtenidos: 11216 registros.
2025-05-16 12:26:17,558 - INFO - 📊 Registros obtenidos desde CSV: 11216
2025-05-16 12:26:17,558 - INFO - 📌 Solicitando datos históricos (3000 registros) desde Binance...
2025-05-16 12:26:19,046 - INFO - ✅ Datos históricos listos: 3000 registros.
2025-05-16 12:26:19,046 - INFO - 📊 Registros obtenidos en tiempo real: 3000
2025-05-16 12:26:19,054 - WARNING - ⚠️ Diferencia de columnas entre históricos y live: {'price'}
2025-05-16 12:26:19,065 - INFO - 📊 Registros en df_combined antes de validación: 11219
2025-05-16 12:26:19,073 - INFO - 🔍 Columnas en df_combined: ['close', 'high', 'low', 'open', 'price', 'timestamp', 'volume']
2025-05-16 12:26:19,079 - INFO - 📊 Primeros 5 registros:
     close     high      low     open    price        timestamp    volume
0  1823.96  1823.97  1822.55  1823.57  1823.96  1746484380000.0  152.7713
1  1822.60  1823.97  1822.20  1823.97  1822.60  1746484440000.0  182.9051
2  1823.99  1823.99  1822.60  1822.60  1823.99  1746484500000.0  197.1422
3  1824.48  1824.48  1823.68  1824.00  1824.48  1746484560000.0  179.0136
4  1824.65  1824.81  1824.00  1824.48  1824.65  1746484620000.0  110.4405
2025-05-16 12:26:19,199 - INFO - Evaluando compra: RSI=37.62174405025397
2025-05-16 12:26:19,199 - INFO - 🟢 Señal de COMPRA detectada a $2581.37
2025-05-16 12:26:19,199 - INFO - 📊 Decisión registrada: {'timestamp': '2025-05-16 12:26:19', 'operacion': 'COMPRA', 'precio': 2581.37, 'condiciones': {'close': 2581.37, 'high': 2581.37, 'low': 2579.65, 'open': 2580.47, 'price': 2178.2137873376623, 'timestamp': '2025-05-16T16:26:00', 'volume': 184.7929, 'RSI': 37.62174405025397, 'MACD': -3.069059404361269, 'MACD_signal': -2.8275265878981677, 'MACD_hist': -0.24153281646310143, 'ATR': 2.913563078232178, 'ADX': 20.55387204788466, 'Plus_DI': 12.931899432728526, 'Minus_DI': 21.52462363297304, 'BB_Middle': 2584.968, 'BB_Upper': 2594.0149190341544, 'BB_Lower': 2575.9210809658452, 'Ichimoku_Tenkan': 2581.935, 'Ichimoku_Kijun': 2590.505, 'Ichimoku_SpanA': 2593.94, 'Ichimoku_SpanB': 2594.98, 'Ichimoku_Chikou': nan}, 'resultado': 'aprobado'}
2025-05-16 12:26:19,199 - INFO - 📌 Operación registrada en JSON: {'timestamp': '2025-05-16 12:26:19', 'type': 'INFO', 'message': '💡 Decisión de compra', 'additional_data': {'precio': 2581.37, 'indicadores': {'close': 2581.37, 'high': 2581.37, 'low': 2579.65, 'open': 2580.47, 'price': 2178.2137873376623, 'timestamp': '2025-05-16 16:26:00', 'volume': 184.7929, 'RSI': 37.62174405025397, 'MACD': -3.069059404361269, 'MACD_signal': -2.8275265878981677, 'MACD_hist': -0.24153281646310143, 'ATR': 2.913563078232178, 'ADX': 20.55387204788466, 'Plus_DI': 12.931899432728526, 'Minus_DI': 21.52462363297304, 'BB_Middle': 2584.968, 'BB_Upper': 2594.0149190341544, 'BB_Lower': 2575.9210809658452, 'Ichimoku_Tenkan': 2581.935, 'Ichimoku_Kijun': 2590.505, 'Ichimoku_SpanA': 2593.94, 'Ichimoku_SpanB': 2594.98, 'Ichimoku_Chikou': nan}}}
2025-05-16 12:26:19,272 - INFO - ✅ Datos guardados en historial_trading.csv
2025-05-16 12:26:19,272 - INFO - ✅ 3000 nuevos registros añadidos al historial.
2025-05-16 12:26:19,272 - INFO - 🔄 Iniciando ciclo de trading...
2025-05-16 12:26:19,272 - INFO - 🌍 Conectando a Binance para obtener datos reales...
2025-05-16 12:26:20,225 - INFO - ✅ Conexión exitosa con Binance.
2025-05-16 12:26:20,225 - INFO - 📌 Solicitando datos históricos (500 registros) desde Binance...
2025-05-16 12:26:20,666 - INFO - ✅ Datos históricos listos: 500 registros.
2025-05-16 12:26:20,666 - INFO - ✅ Datos históricos obtenidos con 500 registros.
2025-05-16 12:26:20,682 - INFO - 📊 Evaluación de indicadores completada: ['❌ MACD bajista (MACD < Signal) - posible venta', '🌧️ Ichimoku bajista (SpanA < SpanB)']
2025-05-16 12:26:20,682 - INFO - 📊 Recomendaciones basadas en indicadores: ['❌ MACD bajista (MACD < Signal) - posible venta', '🌧️ Ichimoku bajista (SpanA < SpanB)']
2025-05-16 12:26:20,682 - INFO - Evaluando compra: RSI=41.813606545174615
2025-05-16 12:26:20,682 - INFO - ✅ Ciclo de trading completado.
2025-05-16 12:29:41,422 - INFO - ⚙️ Iniciando bot de trading...
2025-05-16 12:29:41,423 - INFO - 🔗 Conectando a Binance...
2025-05-16 12:29:42,358 - INFO - ✅ Conexión exitosa con Binance.
2025-05-16 12:29:42,358 - INFO - 📊 Obteniendo datos históricos de ETHUSDT en intervalo 1m...
2025-05-16 12:29:42,358 - INFO - 📌 Solicitando datos históricos (5000 registros) desde Binance...
2025-05-16 12:29:43,623 - INFO - ✅ Datos históricos listos: 3000 registros.
2025-05-16 12:29:43,623 - INFO - ✅ Datos históricos obtenidos con 3000 registros.
2025-05-16 12:29:44,473 - INFO - ✅ Conexión exitosa con Binance.
2025-05-16 12:29:44,473 - INFO - 📥 Obteniendo 3000 registros de ETHUSDT...
2025-05-16 12:29:44,500 - INFO - 🔍 Columnas detectadas: ['close', 'high', 'low', 'open', 'price', 'timestamp', 'volume']
2025-05-16 12:29:44,513 - INFO - 🔍 Primeras 5 filas:
     close     high      low     open    price        timestamp    volume
0  1823.96  1823.97  1822.55  1823.57  1823.96  1746484380000.0  152.7713
1   1822.6  1823.97  1822.20  1823.97  1822.60  1746484440000.0  182.9051
2  1823.99  1823.99  1822.60  1822.60  1823.99  1746484500000.0  197.1422
3  1824.48  1824.48  1823.68  1824.00  1824.48  1746484560000.0  179.0136
4  1824.65  1824.81  1824.00  1824.48  1824.65  1746484620000.0  110.4405
2025-05-16 12:29:44,547 - INFO - ✅ Datos históricos obtenidos: 14216 registros.
2025-05-16 12:29:44,550 - INFO - 📊 Registros obtenidos desde CSV: 14216
2025-05-16 12:29:44,550 - INFO - 📌 Solicitando datos históricos (3000 registros) desde Binance...
2025-05-16 12:29:45,773 - INFO - ✅ Datos históricos listos: 3000 registros.
2025-05-16 12:29:45,779 - INFO - 📊 Registros obtenidos en tiempo real: 3000
2025-05-16 12:29:45,787 - WARNING - ⚠️ Diferencia de columnas entre históricos y live: {'price'}
2025-05-16 12:29:45,800 - INFO - 📊 Registros en df_combined antes de validación: 12220
2025-05-16 12:29:45,800 - INFO - 🔍 Columnas en df_combined: ['close', 'high', 'low', 'open', 'price', 'timestamp', 'volume']
2025-05-16 12:29:45,812 - INFO - 📊 Primeros 5 registros:
     close     high      low     open    price        timestamp    volume
0  1823.96  1823.97  1822.55  1823.57  1823.96  1746484380000.0  152.7713
1   1822.6  1823.97  1822.20  1823.97  1822.60  1746484440000.0  182.9051
2  1823.99  1823.99  1822.60  1822.60  1823.99  1746484500000.0  197.1422
3  1824.48  1824.48  1823.68  1824.00  1824.48  1746484560000.0  179.0136
4  1824.65  1824.81  1824.00  1824.48  1824.65  1746484620000.0  110.4405
2025-05-16 12:29:45,985 - INFO - Evaluando compra: RSI=38.92317549601205
2025-05-16 12:29:45,985 - INFO - 🟢 Señal de COMPRA detectada a $2581.4
2025-05-16 12:29:45,993 - INFO - 📊 Decisión registrada: {'timestamp': '2025-05-16 12:29:45', 'operacion': 'COMPRA', 'precio': 2581.4, 'condiciones': {'close': 2581.4, 'high': 2581.82, 'low': 2581.21, 'open': 2581.7, 'price': 2235.674733314717, 'timestamp': '2025-05-16T16:29:00', 'volume': 114.164, 'RSI': 38.92317549601205, 'MACD': -2.694681649676113, 'MACD_signal': -2.743120882381247, 'MACD_hist': 0.04843923270513395, 'ATR': 2.7913467001232535, 'ADX': 15.995921153642986, 'Plus_DI': 16.765008077108774, 'Minus_DI': 20.723116180969164, 'BB_Middle': 2584.246, 'BB_Upper': 2592.6082566340433, 'BB_Lower': 2575.883743365957, 'Ichimoku_Tenkan': 2581.65, 'Ichimoku_Kijun': 2590.505, 'Ichimoku_SpanA': 2594.205, 'Ichimoku_SpanB': 2594.795, 'Ichimoku_Chikou': nan}, 'resultado': 'aprobado'}
2025-05-16 12:29:45,993 - INFO - 📌 Operación registrada en JSON: {'timestamp': '2025-05-16 12:29:45', 'type': 'INFO', 'message': '💡 Decisión de compra', 'additional_data': {'precio': 2581.4, 'indicadores': {'close': 2581.4, 'high': 2581.82, 'low': 2581.21, 'open': 2581.7, 'price': 2235.674733314717, 'timestamp': '2025-05-16 16:29:00', 'volume': 114.164, 'RSI': 38.92317549601205, 'MACD': -2.694681649676113, 'MACD_signal': -2.743120882381247, 'MACD_hist': 0.04843923270513395, 'ATR': 2.7913467001232535, 'ADX': 15.995921153642986, 'Plus_DI': 16.765008077108774, 'Minus_DI': 20.723116180969164, 'BB_Middle': 2584.246, 'BB_Upper': 2592.6082566340433, 'BB_Lower': 2575.883743365957, 'Ichimoku_Tenkan': 2581.65, 'Ichimoku_Kijun': 2590.505, 'Ichimoku_SpanA': 2594.205, 'Ichimoku_SpanB': 2594.795, 'Ichimoku_Chikou': nan}}}
2025-05-16 12:29:46,028 - INFO - ✅ Datos guardados en historial_trading.csv
2025-05-16 12:29:46,028 - INFO - ✅ 3000 nuevos registros añadidos al historial.
2025-05-16 12:29:46,036 - INFO - 🔄 Iniciando ciclo de trading...
2025-05-16 12:29:46,037 - INFO - 🌍 Conectando a Binance para obtener datos reales...
2025-05-16 12:29:46,968 - INFO - ✅ Conexión exitosa con Binance.
2025-05-16 12:29:46,968 - INFO - 📌 Solicitando datos históricos (500 registros) desde Binance...
2025-05-16 12:29:47,362 - INFO - ✅ Datos históricos listos: 500 registros.
2025-05-16 12:29:47,362 - INFO - ✅ Datos históricos obtenidos con 500 registros.
2025-05-16 12:29:47,384 - INFO - 📊 Evaluación de indicadores completada: ['❌ MACD bajista (MACD < Signal) - posible venta', '🌧️ Ichimoku bajista (SpanA < SpanB)']
2025-05-16 12:29:47,384 - INFO - 📊 Recomendaciones basadas en indicadores: ['❌ MACD bajista (MACD < Signal) - posible venta', '🌧️ Ichimoku bajista (SpanA < SpanB)']
2025-05-16 12:29:47,384 - INFO - Evaluando compra: RSI=38.924641062174224
2025-05-16 12:29:47,389 - INFO - ✅ Oportunidad de compra detectada (SIMULADA).
2025-05-16 12:29:47,390 - INFO - 📊 Decisión registrada: {'timestamp': '2025-05-16 12:29:47', 'operacion': 'COMPRA', 'precio': 2581.4, 'condiciones': {'timestamp': '2025-05-16T16:29:00', 'open': 2581.7, 'high': 2581.82, 'low': 2581.21, 'close': 2581.4, 'volume': 114.1853, 'RSI': 38.924641062174224, 'MACD': -2.8031454559677513, 'MACD_signal': -2.755390234717108, 'MACD_hist': -0.04775522125064313, 'ATR': 2.9591426001327252, 'ADX': 16.41419981055812, 'Plus_DI': 17.030850542281982, 'Minus_DI': 21.051722303094557, 'BB_Middle': 2584.6555, 'BB_Upper': 2593.221774511113, 'BB_Lower': 2576.0892254888868, 'Ichimoku_Tenkan': 2581.935, 'Ichimoku_Kijun': 2590.505, 'Ichimoku_SpanA': 2594.205, 'Ichimoku_SpanB': 2594.98, 'Ichimoku_Chikou': nan}, 'resultado': 'simulada'}
2025-05-16 12:29:47,390 - INFO - ✅ Ciclo de trading completado.
2025-05-16 12:30:10,100 - INFO - ⚙️ Iniciando bot de trading...
2025-05-16 12:30:10,100 - INFO - 🔗 Conectando a Binance...
2025-05-16 12:30:10,989 - INFO - ✅ Conexión exitosa con Binance.
2025-05-16 12:30:10,989 - INFO - 📊 Obteniendo datos históricos de ETHUSDT en intervalo 1m...
2025-05-16 12:30:10,989 - INFO - 📌 Solicitando datos históricos (5000 registros) desde Binance...
2025-05-16 12:30:12,321 - INFO - ✅ Datos históricos listos: 3000 registros.
2025-05-16 12:30:12,321 - INFO - ✅ Datos históricos obtenidos con 3000 registros.
2025-05-16 12:30:13,184 - INFO - ✅ Conexión exitosa con Binance.
2025-05-16 12:30:13,184 - INFO - 📥 Obteniendo 3000 registros de ETHUSDT...
2025-05-16 12:30:13,217 - INFO - 🔍 Columnas detectadas: ['close', 'high', 'low', 'open', 'price', 'timestamp', 'volume']
2025-05-16 12:30:13,225 - INFO - 🔍 Primeras 5 filas:
     close     high      low     open    price        timestamp    volume
0  1823.96  1823.97  1822.55  1823.57  1823.96  1746484380000.0  152.7713
1   1822.6  1823.97  1822.20  1823.97  1822.60  1746484440000.0  182.9051
2  1823.99  1823.99  1822.60  1822.60  1823.99  1746484500000.0  197.1422
3  1824.48  1824.48  1823.68  1824.00  1824.48  1746484560000.0  179.0136
4  1824.65  1824.81  1824.00  1824.48  1824.65  1746484620000.0  110.4405
2025-05-16 12:30:13,264 - INFO - ✅ Datos históricos obtenidos: 17216 registros.
2025-05-16 12:30:13,264 - INFO - 📊 Registros obtenidos desde CSV: 17216
2025-05-16 12:30:13,264 - INFO - 📌 Solicitando datos históricos (3000 registros) desde Binance...
2025-05-16 12:30:14,507 - INFO - ✅ Datos históricos listos: 3000 registros.
2025-05-16 12:30:14,515 - INFO - 📊 Registros obtenidos en tiempo real: 3000
2025-05-16 12:30:14,530 - WARNING - ⚠️ Diferencia de columnas entre históricos y live: {'price'}
2025-05-16 12:30:14,549 - INFO - 📊 Registros en df_combined antes de validación: 12226
2025-05-16 12:30:14,549 - INFO - 🔍 Columnas en df_combined: ['close', 'high', 'low', 'open', 'price', 'timestamp', 'volume']
2025-05-16 12:30:14,557 - INFO - 📊 Primeros 5 registros:
     close     high      low     open    price        timestamp    volume
0  1823.96  1823.97  1822.55  1823.57  1823.96  1746484380000.0  152.7713
1   1822.6  1823.97  1822.20  1823.97  1822.60  1746484440000.0  182.9051
2  1823.99  1823.99  1822.60  1822.60  1823.99  1746484500000.0  197.1422
3  1824.48  1824.48  1823.68  1824.00  1824.48  1746484560000.0  179.0136
4  1824.65  1824.81  1824.00  1824.48  1824.65  1746484620000.0  110.4405
2025-05-16 12:30:14,735 - INFO - Evaluando compra: RSI=43.578513608475255
2025-05-16 12:30:14,735 - INFO - ⚠️ No hay condiciones claras de compra/venta.
2025-05-16 12:30:14,773 - INFO - ✅ Datos guardados en historial_trading.csv
2025-05-16 12:30:14,773 - INFO - ✅ 3000 nuevos registros añadidos al historial.
2025-05-16 12:30:14,773 - INFO - 🔄 Iniciando ciclo de trading...
2025-05-16 12:30:14,773 - INFO - 🌍 Conectando a Binance para obtener datos reales...
2025-05-16 12:30:15,568 - INFO - ✅ Conexión exitosa con Binance.
2025-05-16 12:30:15,568 - INFO - 📌 Solicitando datos históricos (500 registros) desde Binance...
2025-05-16 12:30:15,949 - INFO - ✅ Datos históricos listos: 500 registros.
2025-05-16 12:30:15,949 - INFO - ✅ Datos históricos obtenidos con 500 registros.
2025-05-16 12:30:15,971 - INFO - 📊 Evaluación de indicadores completada: ['✅ MACD alcista (MACD > Signal) - posible compra', '🌧️ Ichimoku bajista (SpanA < SpanB)']
2025-05-16 12:30:15,971 - INFO - 📊 Recomendaciones basadas en indicadores: ['✅ MACD alcista (MACD > Signal) - posible compra', '🌧️ Ichimoku bajista (SpanA < SpanB)']
2025-05-16 12:30:15,971 - INFO - Evaluando compra: RSI=43.048550942791394
2025-05-16 12:30:15,971 - INFO - ✅ Ciclo de trading completado.
2025-05-16 12:30:26,077 - INFO - ⚙️ Iniciando bot de trading...
2025-05-16 12:30:26,077 - INFO - 🔗 Conectando a Binance...
2025-05-16 12:30:26,933 - INFO - ✅ Conexión exitosa con Binance.
2025-05-16 12:30:26,934 - INFO - 📊 Obteniendo datos históricos de ETHUSDT en intervalo 1m...
2025-05-16 12:30:26,934 - INFO - 📌 Solicitando datos históricos (5000 registros) desde Binance...
2025-05-16 12:30:28,232 - INFO - ✅ Datos históricos listos: 3000 registros.
2025-05-16 12:30:28,232 - INFO - ✅ Datos históricos obtenidos con 3000 registros.
2025-05-16 12:30:29,124 - INFO - ✅ Conexión exitosa con Binance.
2025-05-16 12:30:29,124 - INFO - 📥 Obteniendo 3000 registros de ETHUSDT...
2025-05-16 12:30:29,159 - INFO - 🔍 Columnas detectadas: ['close', 'high', 'low', 'open', 'price', 'timestamp', 'volume']
2025-05-16 12:30:29,170 - INFO - 🔍 Primeras 5 filas:
     close     high      low     open    price        timestamp    volume
0  1823.96  1823.97  1822.55  1823.57  1823.96  1746484380000.0  152.7713
1   1822.6  1823.97  1822.20  1823.97  1822.60  1746484440000.0  182.9051
2  1823.99  1823.99  1822.60  1822.60  1823.99  1746484500000.0  197.1422
3  1824.48  1824.48  1823.68  1824.00  1824.48  1746484560000.0  179.0136
4  1824.65  1824.81  1824.00  1824.48  1824.65  1746484620000.0  110.4405
2025-05-16 12:30:29,217 - INFO - ✅ Datos históricos obtenidos: 20216 registros.
2025-05-16 12:30:29,220 - INFO - 📊 Registros obtenidos desde CSV: 20216
2025-05-16 12:30:29,220 - INFO - 📌 Solicitando datos históricos (3000 registros) desde Binance...
2025-05-16 12:30:30,534 - INFO - ✅ Datos históricos listos: 3000 registros.
2025-05-16 12:30:30,534 - INFO - 📊 Registros obtenidos en tiempo real: 3000
2025-05-16 12:30:30,573 - WARNING - ⚠️ Diferencia de columnas entre históricos y live: {'price'}
2025-05-16 12:30:30,592 - INFO - 📊 Registros en df_combined antes de validación: 12229
2025-05-16 12:30:30,592 - INFO - 🔍 Columnas en df_combined: ['close', 'high', 'low', 'open', 'price', 'timestamp', 'volume']
2025-05-16 12:30:30,593 - INFO - 📊 Primeros 5 registros:
     close     high      low     open    price        timestamp    volume
0  1823.96  1823.97  1822.55  1823.57  1823.96  1746484380000.0  152.7713
1   1822.6  1823.97  1822.20  1823.97  1822.60  1746484440000.0  182.9051
2  1823.99  1823.99  1822.60  1822.60  1823.99  1746484500000.0  197.1422
3  1824.48  1824.48  1823.68  1824.00  1824.48  1746484560000.0  179.0136
4  1824.65  1824.81  1824.00  1824.48  1824.65  1746484620000.0  110.4405
2025-05-16 12:30:30,773 - INFO - Evaluando compra: RSI=43.784024527858854
2025-05-16 12:30:30,776 - INFO - ⚠️ No hay condiciones claras de compra/venta.
2025-05-16 12:30:30,814 - INFO - ✅ Datos guardados en historial_trading.csv
2025-05-16 12:30:30,815 - INFO - ✅ 3000 nuevos registros añadidos al historial.
2025-05-16 12:30:30,815 - INFO - 🔄 Iniciando ciclo de trading...
2025-05-16 12:30:30,815 - INFO - 🌍 Conectando a Binance para obtener datos reales...
2025-05-16 12:30:31,725 - INFO - ✅ Conexión exitosa con Binance.
2025-05-16 12:30:31,725 - INFO - 📌 Solicitando datos históricos (500 registros) desde Binance...
2025-05-16 12:30:32,116 - INFO - ✅ Datos históricos listos: 500 registros.
2025-05-16 12:30:32,116 - INFO - ✅ Datos históricos obtenidos con 500 registros.
2025-05-16 12:30:32,132 - INFO - 📊 Evaluación de indicadores completada: ['✅ MACD alcista (MACD > Signal) - posible compra', '🌧️ Ichimoku bajista (SpanA < SpanB)']
2025-05-16 12:30:32,140 - INFO - 📊 Recomendaciones basadas en indicadores: ['✅ MACD alcista (MACD > Signal) - posible compra', '🌧️ Ichimoku bajista (SpanA < SpanB)']
2025-05-16 12:30:32,141 - INFO - Evaluando compra: RSI=44.39571906443085
2025-05-16 12:30:32,141 - INFO - ✅ Ciclo de trading completado.
2025-05-16 12:39:05,465 - INFO - ⚙️ Iniciando bot de trading...
2025-05-16 12:39:05,465 - INFO - 🔗 Conectando a Binance...
2025-05-16 12:39:06,357 - INFO - ✅ Conexión exitosa con Binance.
2025-05-16 12:39:06,357 - INFO - 📊 Obteniendo datos históricos de ETHUSDT en intervalo 1m...
2025-05-16 12:39:06,357 - INFO - 📌 Solicitando datos históricos (5000 registros) desde Binance...
2025-05-16 12:39:07,673 - INFO - ✅ Datos históricos listos: 3000 registros.
2025-05-16 12:39:07,673 - INFO - ✅ Datos históricos obtenidos con 3000 registros.
2025-05-16 12:39:08,499 - INFO - ✅ Conexión exitosa con Binance.
2025-05-16 12:39:08,499 - INFO - 📥 Obteniendo 3000 registros de ETHUSDT...
2025-05-16 12:39:08,522 - INFO - 🔍 Columnas detectadas: ['close', 'high', 'low', 'open', 'price', 'timestamp', 'volume']
2025-05-16 12:39:08,533 - INFO - 🔍 Primeras 5 filas:
     close     high      low     open    price        timestamp    volume
0  1823.96  1823.97  1822.55  1823.57  1823.96  1746484380000.0  152.7713
1  1822.60  1823.97  1822.20  1823.97  1822.60  1746484440000.0  182.9051
2  1823.99  1823.99  1822.60  1822.60  1823.99  1746484500000.0  197.1422
3  1824.48  1824.48  1823.68  1824.00  1824.48  1746484560000.0  179.0136
4  1824.65  1824.81  1824.00  1824.48  1824.65  1746484620000.0  110.4405
2025-05-16 12:39:08,550 - INFO - ✅ Datos históricos obtenidos: 11280 registros.
2025-05-16 12:39:08,558 - INFO - 📊 Registros obtenidos desde CSV: 11280
2025-05-16 12:39:08,559 - INFO - 📌 Solicitando datos históricos (3000 registros) desde Binance...
2025-05-16 12:39:09,821 - INFO - ✅ Datos históricos listos: 3000 registros.
2025-05-16 12:39:09,821 - INFO - 📊 Registros obtenidos en tiempo real: 3000
2025-05-16 12:39:09,837 - WARNING - ⚠️ Diferencia de columnas entre históricos y live: {'price'}
2025-05-16 12:39:09,852 - INFO - 📊 Registros en df_combined antes de validación: 11283
2025-05-16 12:39:09,853 - INFO - 🔍 Columnas en df_combined: ['close', 'high', 'low', 'open', 'price', 'timestamp', 'volume']
2025-05-16 12:39:09,856 - INFO - 📊 Primeros 5 registros:
     close     high      low     open    price        timestamp    volume
0  1823.96  1823.97  1822.55  1823.57  1823.96  1746484380000.0  152.7713
1  1822.60  1823.97  1822.20  1823.97  1822.60  1746484440000.0  182.9051
2  1823.99  1823.99  1822.60  1822.60  1823.99  1746484500000.0  197.1422
3  1824.48  1824.48  1823.68  1824.00  1824.48  1746484560000.0  179.0136
4  1824.65  1824.81  1824.00  1824.48  1824.65  1746484620000.0  110.4405
2025-05-16 12:39:09,981 - INFO - Evaluando compra: RSI=26.784102730365717
2025-05-16 12:39:09,981 - INFO - 🟢 Señal de COMPRA detectada a $2571.31
2025-05-16 12:39:09,981 - INFO - 📊 Decisión registrada: {'timestamp': '2025-05-16 12:39:09', 'operacion': 'COMPRA', 'precio': 2571.31, 'condiciones': {'close': 2571.31, 'high': 2572.29, 'low': 2571.3, 'open': 2571.99, 'price': 2181.1167746615088, 'timestamp': '2025-05-16T16:39:00', 'volume': 71.0105, 'RSI': 26.784102730365717, 'MACD': -3.8832596244392334, 'MACD_signal': -3.1940612653934712, 'MACD_hist': -0.6891983590457622, 'ATR': 2.8664508027691538, 'ADX': 23.714882167900452, 'Plus_DI': 11.739030542223558, 'Minus_DI': 32.33705796626615, 'BB_Middle': 2578.8435, 'BB_Upper': 2586.582386935943, 'BB_Lower': 2571.104613064057, 'Ichimoku_Tenkan': 2577.295, 'Ichimoku_Kijun': 2582.0950000000003, 'Ichimoku_SpanA': 2593.65, 'Ichimoku_SpanB': 2593.5550000000003, 'Ichimoku_Chikou': nan}, 'resultado': 'aprobado'}
2025-05-16 12:39:09,981 - INFO - 📌 Operación registrada en JSON: {'timestamp': '2025-05-16 12:39:09', 'type': 'INFO', 'message': '💡 Decisión de compra', 'additional_data': {'precio': 2571.31, 'indicadores': {'close': 2571.31, 'high': 2572.29, 'low': 2571.3, 'open': 2571.99, 'price': 2181.1167746615088, 'timestamp': '2025-05-16 16:39:00', 'volume': 71.0105, 'RSI': 26.784102730365717, 'MACD': -3.8832596244392334, 'MACD_signal': -3.1940612653934712, 'MACD_hist': -0.6891983590457622, 'ATR': 2.8664508027691538, 'ADX': 23.714882167900452, 'Plus_DI': 11.739030542223558, 'Minus_DI': 32.33705796626615, 'BB_Middle': 2578.8435, 'BB_Upper': 2586.582386935943, 'BB_Lower': 2571.104613064057, 'Ichimoku_Tenkan': 2577.295, 'Ichimoku_Kijun': 2582.0950000000003, 'Ichimoku_SpanA': 2593.65, 'Ichimoku_SpanB': 2593.5550000000003, 'Ichimoku_Chikou': nan}}}
2025-05-16 12:39:10,075 - INFO - ✅ Datos guardados en historial_trading.csv
2025-05-16 12:39:10,076 - INFO - ✅ 3000 nuevos registros añadidos al historial.
2025-05-16 12:39:10,076 - INFO - 🔄 Iniciando ciclo de trading...
2025-05-16 12:39:10,076 - INFO - 🌍 Conectando a Binance para obtener datos reales...
2025-05-16 12:39:10,912 - INFO - ✅ Conexión exitosa con Binance.
2025-05-16 12:39:10,912 - INFO - 📌 Solicitando datos históricos (500 registros) desde Binance...
2025-05-16 12:39:11,424 - INFO - ✅ Datos históricos listos: 500 registros.
2025-05-16 12:39:11,424 - INFO - ✅ Datos históricos obtenidos con 500 registros.
2025-05-16 12:39:11,449 - INFO - 📊 Evaluación de indicadores completada: ['🔹 Posible señal de compra (RSI < 30)', '❌ MACD bajista (MACD < Signal) - posible venta', '🔻 Precio por debajo de la banda inferior de Bollinger (sobreventa)', '🌤️ Ichimoku alcista (SpanA > SpanB)']
2025-05-16 12:39:11,449 - INFO - 📊 Recomendaciones basadas en indicadores: ['🔹 Posible señal de compra (RSI < 30)', '❌ MACD bajista (MACD < Signal) - posible venta', '🔻 Precio por debajo de la banda inferior de Bollinger (sobreventa)', '🌤️ Ichimoku alcista (SpanA > SpanB)']
2025-05-16 12:39:11,449 - INFO - Evaluando compra: RSI=26.748944771286364
2025-05-16 12:39:11,454 - INFO - ✅ Oportunidad de compra detectada (SIMULADA).
2025-05-16 12:39:11,455 - INFO - 📊 Decisión registrada: {'timestamp': '2025-05-16 12:39:11', 'operacion': 'COMPRA', 'precio': 2571.3, 'condiciones': {'timestamp': '2025-05-16T16:39:00', 'open': 2571.99, 'high': 2572.29, 'low': 2571.3, 'close': 2571.3, 'volume': 72.3703, 'RSI': 26.748944771286364, 'MACD': -3.696492448081699, 'MACD_signal': -3.0217616756320305, 'MACD_hist': -0.6747307724496685, 'ATR': 3.0107931722129515, 'ADX': 21.944266623220958, 'Plus_DI': 12.035953072192804, 'Minus_DI': 33.154979090891416, 'BB_Middle': 2579.402, 'BB_Upper': 2586.4685963518327, 'BB_Lower': 2572.3354036481674, 'Ichimoku_Tenkan': 2577.295, 'Ichimoku_Kijun': 2582.0950000000003, 'Ichimoku_SpanA': 2594.7675000000004, 'Ichimoku_SpanB': 2593.5550000000003, 'Ichimoku_Chikou': nan}, 'resultado': 'simulada'}
2025-05-16 12:39:11,455 - INFO - ✅ Ciclo de trading completado.
2025-05-16 18:33:20,868 - INFO - ⚙️ Iniciando bot de trading...
2025-05-16 18:33:20,868 - INFO - 🔗 Conectando a Binance...
2025-05-16 18:33:42,809 - ERROR - ❌ Error al conectar con Binance: HTTPSConnectionPool(host='api.binance.com', port=443): Read timed out. (read timeout=10)
2025-05-16 18:33:42,809 - ERROR - ❌ Falló la conexión con Binance. Verifica la API Key.
2025-05-16 18:33:53,258 - ERROR - ❌ Error al conectar con Binance: HTTPSConnectionPool(host='api.binance.com', port=443): Read timed out. (read timeout=10)
2025-05-16 18:33:53,258 - ERROR - ❌ No se pudo conectar a Binance.
2025-05-16 18:34:41,192 - INFO - ⚙️ Iniciando bot de trading...
2025-05-16 18:34:41,192 - INFO - 🔗 Conectando a Binance...
2025-05-16 18:34:55,969 - INFO - ✅ Conexión exitosa con Binance.
2025-05-16 18:34:55,969 - INFO - 📊 Obteniendo datos históricos de ETHUSDT en intervalo 1m...
2025-05-16 18:34:55,969 - INFO - 📌 Solicitando datos históricos (5000 registros) desde Binance...
2025-05-16 18:35:18,258 - ERROR - ❌ Error al obtener datos históricos: HTTPSConnectionPool(host='api.binance.com', port=443): Read timed out. (read timeout=10)
2025-05-16 18:35:20,264 - INFO - ✅ Datos históricos listos: 2000 registros.
2025-05-16 18:35:20,264 - INFO - ✅ Datos históricos obtenidos con 2000 registros.
2025-05-16 18:35:31,709 - ERROR - ❌ Error al conectar con Binance: HTTPSConnectionPool(host='api.binance.com', port=443): Max retries exceeded with url: /api/v3/ping (Caused by NameResolutionError("<urllib3.connection.HTTPSConnection object at 0x000001F17091A490>: Failed to resolve 'api.binance.com' ([Errno 11001] getaddrinfo failed)"))
2025-05-16 18:35:31,709 - ERROR - ❌ No se pudo conectar a Binance.
2025-05-16 18:35:53,758 - INFO - ⚙️ Iniciando bot de trading...
2025-05-16 18:35:53,758 - INFO - 🔗 Conectando a Binance...
2025-05-16 18:35:53,768 - ERROR - ❌ Error al conectar con Binance: HTTPSConnectionPool(host='api.binance.com', port=443): Max retries exceeded with url: /api/v3/ping (Caused by NameResolutionError("<urllib3.connection.HTTPSConnection object at 0x0000022915969850>: Failed to resolve 'api.binance.com' ([Errno 11001] getaddrinfo failed)"))
2025-05-16 18:35:53,768 - ERROR - ❌ Falló la conexión con Binance. Verifica la API Key.
2025-05-16 18:35:53,770 - ERROR - ❌ Error al conectar con Binance: HTTPSConnectionPool(host='api.binance.com', port=443): Max retries exceeded with url: /api/v3/ping (Caused by NameResolutionError("<urllib3.connection.HTTPSConnection object at 0x000002291596B5D0>: Failed to resolve 'api.binance.com' ([Errno 11001] getaddrinfo failed)"))
2025-05-16 18:35:53,771 - ERROR - ❌ No se pudo conectar a Binance.
2025-05-16 18:36:09,792 - INFO - ⚙️ Iniciando bot de trading...
2025-05-16 18:36:09,792 - INFO - 🔗 Conectando a Binance...
2025-05-16 18:36:21,209 - ERROR - ❌ Error al conectar con Binance: HTTPSConnectionPool(host='api.binance.com', port=443): Max retries exceeded with url: /api/v3/ping (Caused by NameResolutionError("<urllib3.connection.HTTPSConnection object at 0x00000265E89B3190>: Failed to resolve 'api.binance.com' ([Errno 11001] getaddrinfo failed)"))
2025-05-16 18:36:21,209 - ERROR - ❌ Falló la conexión con Binance. Verifica la API Key.
2025-05-16 18:36:32,684 - ERROR - ❌ Error al conectar con Binance: HTTPSConnectionPool(host='api.binance.com', port=443): Max retries exceeded with url: /api/v3/ping (Caused by NameResolutionError("<urllib3.connection.HTTPSConnection object at 0x00000265EA76BF90>: Failed to resolve 'api.binance.com' ([Errno 11001] getaddrinfo failed)"))
2025-05-16 18:36:32,684 - ERROR - ❌ No se pudo conectar a Binance.
2025-05-16 18:37:09,734 - INFO - ⚙️ Iniciando bot de trading...
2025-05-16 18:37:09,734 - INFO - 🔗 Conectando a Binance...
2025-05-16 18:37:26,258 - ERROR - ❌ Error al conectar con Binance: HTTPSConnectionPool(host='api.binance.com', port=443): Read timed out. (read timeout=10)
2025-05-16 18:37:26,258 - ERROR - ❌ Falló la conexión con Binance. Verifica la API Key.
2025-05-16 18:37:44,559 - ERROR - ❌ Error al conectar con Binance: HTTPSConnectionPool(host='api.binance.com', port=443): Read timed out. (read timeout=10)
2025-05-16 18:37:44,559 - ERROR - ❌ No se pudo conectar a Binance.
2025-05-16 18:40:13,684 - INFO - ⚙️ Iniciando bot de trading...
2025-05-16 18:40:13,684 - INFO - 🔗 Conectando a Binance...
2025-05-16 18:40:15,209 - INFO - ✅ Conexión exitosa con Binance.
2025-05-16 18:40:15,209 - INFO - 📊 Obteniendo datos históricos de ETHUSDT en intervalo 1m...
2025-05-16 18:40:15,209 - INFO - 📌 Solicitando datos históricos (5000 registros) desde Binance...
2025-05-16 18:40:16,464 - INFO - ✅ Datos históricos listos: 3000 registros.
2025-05-16 18:40:16,464 - INFO - ✅ Datos históricos obtenidos con 3000 registros.
2025-05-16 18:40:17,665 - INFO - ✅ Conexión exitosa con Binance.
2025-05-16 18:40:17,665 - INFO - 📥 Obteniendo 3000 registros de ETHUSDT...
2025-05-16 18:40:17,710 - INFO - 🔍 Columnas detectadas: ['close', 'high', 'low', 'open', 'price', 'timestamp', 'volume']
2025-05-16 18:40:17,742 - INFO - 🔍 Primeras 5 filas:
     close     high      low     open    price        timestamp    volume
0  1823.96  1823.97  1822.55  1823.57  1823.96  1746484380000.0  152.7713
1  1822.60  1823.97  1822.20  1823.97  1822.60  1746484440000.0  182.9051
2  1823.99  1823.99  1822.60  1822.60  1823.99  1746484500000.0  197.1422
3  1824.48  1824.48  1823.68  1824.00  1824.48  1746484560000.0  179.0136
4  1824.65  1824.81  1824.00  1824.48  1824.65  1746484620000.0  110.4405
2025-05-16 18:40:17,764 - INFO - ✅ Datos históricos obtenidos: 11652 registros.
2025-05-16 18:40:17,767 - INFO - 📊 Registros obtenidos desde CSV: 11652
2025-05-16 18:40:17,767 - INFO - 📌 Solicitando datos históricos (3000 registros) desde Binance...
2025-05-16 18:40:19,642 - INFO - ✅ Datos históricos listos: 3000 registros.
2025-05-16 18:40:19,642 - INFO - 📊 Registros obtenidos en tiempo real: 3000
2025-05-16 18:40:19,642 - WARNING - ⚠️ Diferencia de columnas entre históricos y live: {'price'}
2025-05-16 18:40:19,669 - INFO - 📊 Registros en df_combined antes de validación: 11671
2025-05-16 18:40:19,669 - INFO - 🔍 Columnas en df_combined: ['close', 'high', 'low', 'open', 'price', 'timestamp', 'volume']
2025-05-16 18:40:19,684 - INFO - 📊 Primeros 5 registros:
     close     high      low     open    price        timestamp    volume
0  1823.96  1823.97  1822.55  1823.57  1823.96  1746484380000.0  152.7713
1  1822.60  1823.97  1822.20  1823.97  1822.60  1746484440000.0  182.9051
2  1823.99  1823.99  1822.60  1822.60  1823.99  1746484500000.0  197.1422
3  1824.48  1824.48  1823.68  1824.00  1824.48  1746484560000.0  179.0136
4  1824.65  1824.81  1824.00  1824.48  1824.65  1746484620000.0  110.4405
2025-05-16 18:40:19,813 - INFO - Evaluando compra: RSI=52.09100705013317
2025-05-16 18:40:19,813 - INFO - 🟢 Señal de COMPRA detectada a $2555.89
2025-05-16 18:40:19,813 - INFO - 📊 Decisión registrada: {'timestamp': '2025-05-16 18:40:19', 'operacion': 'COMPRA', 'precio': 2555.89, 'condiciones': {'close': 2555.89, 'high': 2556.42, 'low': 2555.3, 'open': 2556.41, 'price': 2181.817557522124, 'timestamp': '2025-05-16T22:40:00', 'volume': 54.133, 'RSI': 52.09100705013317, 'MACD': -0.34220539958187146, 'MACD_signal': -1.153505253105201, 'MACD_hist': 0.8112998535233296, 'ATR': 2.4426911394408224, 'ADX': 18.502291772401932, 'Plus_DI': 24.426638804594198, 'Minus_DI': 24.071303368316077, 'BB_Middle': 2553.768, 'BB_Upper': 2559.0724268313847, 'BB_Lower': 2548.4635731686153, 'Ichimoku_Tenkan': 2554.255, 'Ichimoku_Kijun': 2552.885, 'Ichimoku_SpanA': 2558.7999999999997, 'Ichimoku_SpanB': 2564.0, 'Ichimoku_Chikou': nan}, 'resultado': 'aprobado'}
2025-05-16 18:40:19,838 - INFO - 📌 Operación registrada en JSON: {'timestamp': '2025-05-16 18:40:19', 'type': 'INFO', 'message': '💡 Decisión de compra', 'additional_data': {'precio': 2555.89, 'indicadores': {'close': 2555.89, 'high': 2556.42, 'low': 2555.3, 'open': 2556.41, 'price': 2181.817557522124, 'timestamp': '2025-05-16 22:40:00', 'volume': 54.133, 'RSI': 52.09100705013317, 'MACD': -0.34220539958187146, 'MACD_signal': -1.153505253105201, 'MACD_hist': 0.8112998535233296, 'ATR': 2.4426911394408224, 'ADX': 18.502291772401932, 'Plus_DI': 24.426638804594198, 'Minus_DI': 24.071303368316077, 'BB_Middle': 2553.768, 'BB_Upper': 2559.0724268313847, 'BB_Lower': 2548.4635731686153, 'Ichimoku_Tenkan': 2554.255, 'Ichimoku_Kijun': 2552.885, 'Ichimoku_SpanA': 2558.7999999999997, 'Ichimoku_SpanB': 2564.0, 'Ichimoku_Chikou': nan}}}
2025-05-16 18:40:19,931 - INFO - ✅ Datos guardados en historial_trading.csv
2025-05-16 18:40:19,932 - INFO - ✅ 3000 nuevos registros añadidos al historial.
2025-05-16 18:40:19,933 - INFO - 🔄 Iniciando ciclo de trading...
2025-05-16 18:40:19,933 - INFO - 🌍 Conectando a Binance para obtener datos reales...
2025-05-16 18:40:21,063 - INFO - ✅ Conexión exitosa con Binance.
2025-05-16 18:40:21,063 - INFO - 📌 Solicitando datos históricos (500 registros) desde Binance...
2025-05-16 18:40:21,630 - INFO - ✅ Datos históricos listos: 500 registros.
2025-05-16 18:40:21,630 - INFO - ✅ Datos históricos obtenidos con 500 registros.
2025-05-16 18:40:21,656 - INFO - 📊 Evaluación de indicadores completada: ['✅ MACD alcista (MACD > Signal) - posible compra', '🌧️ Ichimoku bajista (SpanA < SpanB)']
2025-05-16 18:40:21,656 - INFO - 📊 Recomendaciones basadas en indicadores: ['✅ MACD alcista (MACD > Signal) - posible compra', '🌧️ Ichimoku bajista (SpanA < SpanB)']
2025-05-16 18:40:21,656 - INFO - Evaluando compra: RSI=52.117765936164005
2025-05-16 18:40:21,656 - INFO - ✅ Oportunidad de compra detectada (SIMULADA).
2025-05-16 18:40:21,664 - INFO - 📊 Decisión registrada: {'timestamp': '2025-05-16 18:40:21', 'operacion': 'COMPRA', 'precio': 2555.9, 'condiciones': {'timestamp': '2025-05-16T22:40:00', 'open': 2556.41, 'high': 2556.42, 'low': 2555.3, 'close': 2555.9, 'volume': 55.1898, 'RSI': 52.117765936164005, 'MACD': -0.3414076787839804, 'MACD_signal': -1.1533457089456227, 'MACD_hist': 0.8119380301616423, 'ATR': 2.4426911394408215, 'ADX': 18.502291772402042, 'Plus_DI': 24.426638804594205, 'Minus_DI': 24.071303368316084, 'BB_Middle': 2553.7684999999997, 'BB_Upper': 2559.0737286472245, 'BB_Lower': 2548.463271352775, 'Ichimoku_Tenkan': 2554.255, 'Ichimoku_Kijun': 2552.885, 'Ichimoku_SpanA': 2558.7999999999997, 'Ichimoku_SpanB': 2564.0, 'Ichimoku_Chikou': nan}, 'resultado': 'simulada'}
2025-05-16 18:40:21,665 - INFO - ✅ Ciclo de trading completado.
2025-05-22 17:20:02,620 - INFO - ⚙️ Iniciando bot de trading...
2025-05-22 17:20:02,620 - INFO - 🔗 Conectando a Binance...
2025-05-22 17:20:04,145 - INFO - ✅ Conexión exitosa con Binance.
2025-05-22 17:20:04,145 - INFO - 📊 Obteniendo datos históricos de ETHUSDT en intervalo 1m...
2025-05-22 17:20:04,145 - INFO - 📌 Solicitando datos históricos (5000 registros) desde Binance...
2025-05-22 17:20:05,545 - INFO - ✅ Datos históricos listos: 3000 registros.
2025-05-22 17:20:05,545 - INFO - ✅ Datos históricos obtenidos con 3000 registros.
2025-05-22 17:20:06,845 - INFO - ✅ Conexión exitosa con Binance.
2025-05-22 17:20:06,845 - INFO - 📥 Obteniendo 3000 registros de ETHUSDT...
2025-05-22 17:20:06,871 - INFO - 🔍 Columnas detectadas: ['close', 'high', 'low', 'open', 'price', 'timestamp', 'volume']
2025-05-22 17:20:06,871 - INFO - 🔍 Primeras 5 filas:
     close     high      low     open    price        timestamp    volume
0  1823.96  1823.97  1822.55  1823.57  1823.96  1746484380000.0  152.7713
1  1822.60  1823.97  1822.20  1823.97  1822.60  1746484440000.0  182.9051
2  1823.99  1823.99  1822.60  1822.60  1823.99  1746484500000.0  197.1422
3  1824.48  1824.48  1823.68  1824.00  1824.48  1746484560000.0  179.0136
4  1824.65  1824.81  1824.00  1824.48  1824.65  1746484620000.0  110.4405
2025-05-22 17:20:06,906 - INFO - ✅ Datos históricos obtenidos: 12673 registros.
2025-05-22 17:20:06,908 - INFO - 📊 Registros obtenidos desde CSV: 12673
2025-05-22 17:20:06,908 - INFO - 📌 Solicitando datos históricos (3000 registros) desde Binance...
2025-05-22 17:20:08,271 - INFO - ✅ Datos históricos listos: 3000 registros.
2025-05-22 17:20:08,271 - INFO - 📊 Registros obtenidos en tiempo real: 3000
2025-05-22 17:20:08,295 - WARNING - ⚠️ Diferencia de columnas entre históricos y live: {'price'}
2025-05-22 17:20:08,313 - INFO - 📊 Registros en df_combined antes de validación: 13036
2025-05-22 17:20:08,314 - INFO - 🔍 Columnas en df_combined: ['close', 'high', 'low', 'open', 'price', 'timestamp', 'volume']
2025-05-22 17:20:08,322 - INFO - 📊 Primeros 5 registros:
     close     high      low     open    price        timestamp    volume
0  1823.96  1823.97  1822.55  1823.57  1823.96  1746484380000.0  152.7713
1  1822.60  1823.97  1822.20  1823.97  1822.60  1746484440000.0  182.9051
2  1823.99  1823.99  1822.60  1822.60  1823.99  1746484500000.0  197.1422
3  1824.48  1824.48  1823.68  1824.00  1824.48  1746484560000.0  179.0136
4  1824.65  1824.81  1824.00  1824.48  1824.65  1746484620000.0  110.4405
2025-05-22 17:20:08,510 - INFO - Evaluando compra: RSI=51.3694831123641
2025-05-22 17:20:08,510 - INFO - 🟢 Señal de COMPRA detectada a $2639.5
2025-05-22 17:20:08,520 - INFO - 📊 Decisión registrada: {'timestamp': '2025-05-22 17:20:08', 'operacion': 'COMPRA', 'precio': 2639.5, 'condiciones': {'close': 2639.5, 'high': 2640.76, 'low': 2639.5, 'open': 2640.76, 'price': 2203.6207511023263, 'timestamp': '2025-05-22T21:20:00', 'volume': 27.7111, 'RSI': 51.3694831123641, 'MACD': 0.3385214840450317, 'MACD_signal': -0.01791353517752843, 'MACD_hist': 0.3564350192225601, 'ATR': 2.074816102284741, 'ADX': 14.965403962274275, 'Plus_DI': 27.671358832108993, 'Minus_DI': 18.823796919399797, 'BB_Middle': 2638.301, 'BB_Upper': 2642.412529643751, 'BB_Lower': 2634.189470356249, 'Ichimoku_Tenkan': 2639.295, 'Ichimoku_Kijun': 2638.645, 'Ichimoku_SpanA': 2640.9825, 'Ichimoku_SpanB': 2639.065, 'Ichimoku_Chikou': nan}, 'resultado': 'aprobado'}
2025-05-22 17:20:08,520 - INFO - 📌 Operación registrada en JSON: {'timestamp': '2025-05-22 17:20:08', 'type': 'INFO', 'message': '💡 Decisión de compra', 'additional_data': {'precio': 2639.5, 'indicadores': {'close': 2639.5, 'high': 2640.76, 'low': 2639.5, 'open': 2640.76, 'price': 2203.6207511023263, 'timestamp': '2025-05-22 21:20:00', 'volume': 27.7111, 'RSI': 51.3694831123641, 'MACD': 0.3385214840450317, 'MACD_signal': -0.01791353517752843, 'MACD_hist': 0.3564350192225601, 'ATR': 2.074816102284741, 'ADX': 14.965403962274275, 'Plus_DI': 27.671358832108993, 'Minus_DI': 18.823796919399797, 'BB_Middle': 2638.301, 'BB_Upper': 2642.412529643751, 'BB_Lower': 2634.189470356249, 'Ichimoku_Tenkan': 2639.295, 'Ichimoku_Kijun': 2638.645, 'Ichimoku_SpanA': 2640.9825, 'Ichimoku_SpanB': 2639.065, 'Ichimoku_Chikou': nan}}}
2025-05-22 17:20:08,569 - INFO - ✅ Datos guardados en historial_trading.csv
2025-05-22 17:20:08,570 - INFO - ✅ 3000 nuevos registros añadidos al historial.
2025-05-22 17:20:08,571 - INFO - 🔄 Iniciando ciclo de trading...
2025-05-22 17:20:08,571 - INFO - 🌍 Conectando a Binance para obtener datos reales...
2025-05-22 17:20:09,595 - INFO - ✅ Conexión exitosa con Binance.
2025-05-22 17:20:09,595 - INFO - 📌 Solicitando datos históricos (500 registros) desde Binance...
2025-05-22 17:20:09,961 - INFO - ✅ Datos históricos listos: 500 registros.
2025-05-22 17:20:09,961 - INFO - ✅ Datos históricos obtenidos con 500 registros.
2025-05-22 17:20:09,987 - INFO - 📊 Evaluación de indicadores completada: ['✅ MACD alcista (MACD > Signal) - posible compra', '🌤️ Ichimoku alcista (SpanA > SpanB)']
2025-05-22 17:20:09,987 - INFO - 📊 Recomendaciones basadas en indicadores: ['✅ MACD alcista (MACD > Signal) - posible compra', '🌤️ Ichimoku alcista (SpanA > SpanB)']
2025-05-22 17:20:09,988 - INFO - Evaluando compra: RSI=51.214204638505564
2025-05-22 17:20:09,988 - INFO - ✅ Oportunidad de compra detectada (SIMULADA).
2025-05-22 17:20:09,988 - INFO - 📊 Decisión registrada: {'timestamp': '2025-05-22 17:20:09', 'operacion': 'COMPRA', 'precio': 2639.44, 'condiciones': {'timestamp': '2025-05-22T21:20:00', 'open': 2640.76, 'high': 2640.76, 'low': 2639.43, 'close': 2639.44, 'volume': 28.6496, 'RSI': 51.214204638505564, 'MACD': 0.34809016636017986, 'MACD_signal': -0.10797955494036493, 'MACD_hist': 0.4560697213005448, 'ATR': 2.1424942639989455, 'ADX': 14.612097067114561, 'Plus_DI': 28.858590223684583, 'Minus_DI': 19.864799161359013, 'BB_Middle': 2638.2585, 'BB_Upper': 2642.334690746324, 'BB_Lower': 2634.1823092536756, 'Ichimoku_Tenkan': 2639.165, 'Ichimoku_Kijun': 2638.645, 'Ichimoku_SpanA': 2641.6375, 'Ichimoku_SpanB': 2639.065, 'Ichimoku_Chikou': nan}, 'resultado': 'simulada'}
2025-05-22 17:20:09,989 - INFO - ✅ Ciclo de trading completado.
2025-05-22 17:26:02,895 - INFO - ⚙️ Iniciando bot de trading...
2025-05-22 17:26:02,895 - INFO - 🔗 Conectando a Binance...
2025-05-22 17:26:03,778 - INFO - ✅ Conexión exitosa con Binance.
2025-05-22 17:26:03,778 - INFO - 📊 Obteniendo datos históricos de ETHUSDT en intervalo 1m...
2025-05-22 17:26:03,778 - INFO - 📌 Solicitando datos históricos (5000 registros) desde Binance...
2025-05-22 17:26:05,164 - INFO - ✅ Datos históricos listos: 3000 registros.
2025-05-22 17:26:05,180 - INFO - ✅ Datos históricos obtenidos con 3000 registros.
2025-05-22 17:26:06,460 - INFO - ✅ Conexión exitosa con Binance.
2025-05-22 17:26:06,460 - INFO - 📥 Obteniendo 3000 registros de ETHUSDT...
2025-05-22 17:26:06,498 - INFO - 🔍 Columnas detectadas: ['close', 'high', 'low', 'open', 'price', 'timestamp', 'volume']
2025-05-22 17:26:06,498 - INFO - 🔍 Primeras 5 filas:
     close     high      low     open    price        timestamp    volume
0  1823.96  1823.97  1822.55  1823.57  1823.96  1746484380000.0  152.7713
1  1822.60  1823.97  1822.20  1823.97  1822.60  1746484440000.0  182.9051
2  1823.99  1823.99  1822.60  1822.60  1823.99  1746484500000.0  197.1422
3  1824.48  1824.48  1823.68  1824.00  1824.48  1746484560000.0  179.0136
4  1824.65  1824.81  1824.00  1824.48  1824.65  1746484620000.0  110.4405
2025-05-22 17:26:06,534 - INFO - ✅ Datos históricos obtenidos: 15039 registros.
2025-05-22 17:26:06,534 - INFO - 📊 Registros obtenidos desde CSV: 15039
2025-05-22 17:26:06,545 - INFO - 📌 Solicitando datos históricos (3000 registros) desde Binance...
2025-05-22 17:26:07,845 - INFO - ✅ Datos históricos listos: 3000 registros.
2025-05-22 17:26:07,845 - INFO - 📊 Registros obtenidos en tiempo real: 3000
2025-05-22 17:26:07,864 - WARNING - ⚠️ Diferencia de columnas entre históricos y live: {'price'}
2025-05-22 17:26:07,882 - INFO - 📊 Registros en df_combined antes de validación: 15046
2025-05-22 17:26:07,882 - INFO - 🔍 Columnas en df_combined: ['close', 'high', 'low', 'open', 'price', 'timestamp', 'volume']
2025-05-22 17:26:07,886 - INFO - 📊 Primeros 5 registros:
     close     high      low     open    price        timestamp    volume
0  1823.96  1823.97  1822.55  1823.57  1823.96  1746484380000.0  152.7713
1  1822.60  1823.97  1822.20  1823.97  1822.60  1746484440000.0  182.9051
2  1823.99  1823.99  1822.60  1822.60  1823.99  1746484500000.0  197.1422
3  1824.48  1824.48  1823.68  1824.00  1824.48  1746484560000.0  179.0136
4  1824.65  1824.81  1824.00  1824.48  1824.65  1746484620000.0  110.4405
2025-05-22 17:26:08,078 - INFO - Evaluando compra: RSI=42.751476388966175
2025-05-22 17:26:08,078 - INFO - 🟢 Señal de COMPRA detectada a $2636.0
2025-05-22 17:26:08,078 - INFO - 📊 Decisión registrada: {'timestamp': '2025-05-22 17:26:08', 'operacion': 'COMPRA', 'precio': 2636.0, 'condiciones': {'close': 2636.0, 'high': 2636.0, 'low': 2635.49, 'open': 2635.49, 'price': 2262.5354209553975, 'timestamp': '2025-05-22T21:26:00', 'volume': 16.9375, 'RSI': 42.751476388966175, 'MACD': -0.6518413020826301, 'MACD_signal': -0.2906646741146635, 'MACD_hist': -0.3611766279679666, 'ATR': 1.7841898006575336, 'ADX': 13.07205910488304, 'Plus_DI': 20.668215649709833, 'Minus_DI': 27.346263655611224, 'BB_Middle': 2637.7625, 'BB_Upper': 2642.228526758546, 'BB_Lower': 2633.2964732414534, 'Ichimoku_Tenkan': 2638.975, 'Ichimoku_Kijun': 2638.645, 'Ichimoku_SpanA': 2639.7275, 'Ichimoku_SpanB': 2639.065, 'Ichimoku_Chikou': nan}, 'resultado': 'aprobado'}
2025-05-22 17:26:08,078 - INFO - 📌 Operación registrada en JSON: {'timestamp': '2025-05-22 17:26:08', 'type': 'INFO', 'message': '💡 Decisión de compra', 'additional_data': {'precio': 2636.0, 'indicadores': {'close': 2636.0, 'high': 2636.0, 'low': 2635.49, 'open': 2635.49, 'price': 2262.5354209553975, 'timestamp': '2025-05-22 21:26:00', 'volume': 16.9375, 'RSI': 42.751476388966175, 'MACD': -0.6518413020826301, 'MACD_signal': -0.2906646741146635, 'MACD_hist': -0.3611766279679666, 'ATR': 1.7841898006575336, 'ADX': 13.07205910488304, 'Plus_DI': 20.668215649709833, 'Minus_DI': 27.346263655611224, 'BB_Middle': 2637.7625, 'BB_Upper': 2642.228526758546, 'BB_Lower': 2633.2964732414534, 'Ichimoku_Tenkan': 2638.975, 'Ichimoku_Kijun': 2638.645, 'Ichimoku_SpanA': 2639.7275, 'Ichimoku_SpanB': 2639.065, 'Ichimoku_Chikou': nan}}}
2025-05-22 17:26:08,117 - INFO - ✅ Datos guardados en historial_trading.csv
2025-05-22 17:26:08,128 - INFO - ✅ 3000 nuevos registros añadidos al historial.
2025-05-22 17:26:08,128 - INFO - 🔄 Iniciando ciclo de trading...
2025-05-22 17:26:08,129 - INFO - 🌍 Conectando a Binance para obtener datos reales...
2025-05-22 17:26:09,061 - INFO - ✅ Conexión exitosa con Binance.
2025-05-22 17:26:09,061 - INFO - 📌 Solicitando datos históricos (500 registros) desde Binance...
2025-05-22 17:26:09,445 - INFO - ✅ Datos históricos listos: 500 registros.
2025-05-22 17:26:09,445 - INFO - ✅ Datos históricos obtenidos con 500 registros.
2025-05-22 17:26:09,470 - INFO - 📊 Evaluación de indicadores completada: ['❌ MACD bajista (MACD < Signal) - posible venta', '🌤️ Ichimoku alcista (SpanA > SpanB)']
2025-05-22 17:26:09,470 - INFO - 📊 Recomendaciones basadas en indicadores: ['❌ MACD bajista (MACD < Signal) - posible venta', '🌤️ Ichimoku alcista (SpanA > SpanB)']
2025-05-22 17:26:09,470 - INFO - Evaluando compra: RSI=42.71394575098091
2025-05-22 17:26:09,470 - INFO - ✅ Oportunidad de compra detectada (SIMULADA).
2025-05-22 17:26:09,470 - INFO - 📊 Decisión registrada: {'timestamp': '2025-05-22 17:26:09', 'operacion': 'COMPRA', 'precio': 2635.99, 'condiciones': {'timestamp': '2025-05-22T21:26:00', 'open': 2635.49, 'high': 2636.0, 'low': 2635.49, 'close': 2635.99, 'volume': 17.9882, 'RSI': 42.71394575098091, 'MACD': -0.5640403846959998, 'MACD_signal': -0.20037051712267184, 'MACD_hist': -0.363669867573328, 'ATR': 1.8829186864223966, 'ADX': 13.00772484283134, 'Plus_DI': 21.05014606213187, 'Minus_DI': 27.905651546827116, 'BB_Middle': 2637.829, 'BB_Upper': 2642.227162798308, 'BB_Lower': 2633.430837201692, 'Ichimoku_Tenkan': 2639.08, 'Ichimoku_Kijun': 2638.645, 'Ichimoku_SpanA': 2639.7275, 'Ichimoku_SpanB': 2639.065, 'Ichimoku_Chikou': nan}, 'resultado': 'simulada'}
2025-05-22 17:26:09,470 - INFO - ✅ Ciclo de trading completado.
2025-05-22 17:43:55,564 - INFO - ⚙️ Iniciando bot de trading...
2025-05-22 17:43:55,564 - INFO - 🔗 Conectando a Binance...
2025-05-22 17:43:56,555 - INFO - ✅ Conexión exitosa con Binance.
2025-05-22 17:43:56,555 - INFO - 📊 Obteniendo datos históricos de ETHUSDT en intervalo 1m...
2025-05-22 17:43:56,555 - INFO - 📌 Solicitando datos históricos (5000 registros) desde Binance...
2025-05-22 17:43:57,720 - INFO - ✅ Datos históricos listos: 3000 registros.
2025-05-22 17:43:57,721 - INFO - ✅ Datos históricos obtenidos con 3000 registros.
2025-05-22 17:43:58,962 - INFO - ✅ Conexión exitosa con Binance.
2025-05-22 17:43:58,963 - INFO - 📥 Obteniendo 3000 registros de ETHUSDT...
2025-05-22 17:43:58,985 - INFO - 🔍 Columnas detectadas: ['close', 'high', 'low', 'open', 'price', 'timestamp', 'volume']
2025-05-22 17:43:58,998 - INFO - 🔍 Primeras 5 filas:
     close  ...    volume
0  1823.96  ...  152.7713
1  1822.60  ...  182.9051
2  1823.99  ...  197.1422
3  1824.48  ...  179.0136
4  1824.65  ...  110.4405

[5 rows x 7 columns]
2025-05-22 17:43:59,040 - INFO - ✅ Datos históricos obtenidos: 15071 registros.
2025-05-22 17:43:59,042 - INFO - 📊 Registros obtenidos desde CSV: 15071
2025-05-22 17:43:59,042 - INFO - 📌 Solicitando datos históricos (3000 registros) desde Binance...
2025-05-22 17:44:00,716 - INFO - ✅ Datos históricos listos: 3000 registros.
2025-05-22 17:44:00,717 - INFO - 📊 Registros obtenidos en tiempo real: 3000
2025-05-22 17:44:00,731 - WARNING - ⚠️ Diferencia de columnas entre históricos y live: {'price'}
2025-05-22 17:44:00,749 - INFO - 📊 Registros en df_combined antes de validación: 15077
2025-05-22 17:44:00,749 - INFO - 🔍 Columnas en df_combined: ['close', 'high', 'low', 'open', 'price', 'timestamp', 'volume']
2025-05-22 17:44:00,760 - INFO - 📊 Primeros 5 registros:
     close  ...    volume
0  1823.96  ...  152.7713
1  1822.60  ...  182.9051
2  1823.99  ...  197.1422
3  1824.48  ...  179.0136
4  1824.65  ...  110.4405

[5 rows x 7 columns]
2025-05-22 17:44:00,996 - INFO - Evaluando compra: RSI=49.94087625573678
2025-05-22 17:44:00,996 - INFO - 🟢 Señal de COMPRA detectada a $2634.96
2025-05-22 17:44:00,997 - INFO - 📊 Decisión registrada: {'timestamp': '2025-05-22 17:44:00', 'operacion': 'COMPRA', 'precio': 2634.96, 'condiciones': {'close': 2634.96, 'high': 2636.17, 'low': 2634.87, 'open': 2635.84, 'price': 2262.9305061956234, 'timestamp': '2025-05-22T21:43:00', 'volume': 103.3253, 'RSI': 49.94087625573678, 'MACD': -0.32329918207415176, 'MACD_signal': -0.7587409688368607, 'MACD_hist': 0.43544178676270895, 'ATR': 2.1793834514972295, 'ADX': 14.640176738421262, 'Plus_DI': 26.31444261041423, 'Minus_DI': 24.553177247451178, 'BB_Middle': 2633.3675, 'BB_Upper': 2637.406900328773, 'BB_Lower': 2629.3280996712265, 'Ichimoku_Tenkan': 2634.7799999999997, 'Ichimoku_Kijun': 2635.415, 'Ichimoku_SpanA': 2638.8450000000003, 'Ichimoku_SpanB': 2639.065, 'Ichimoku_Chikou': nan}, 'resultado': 'aprobado'}
2025-05-22 17:44:00,998 - INFO - 📌 Operación registrada en JSON: {'timestamp': '2025-05-22 17:44:00', 'type': 'INFO', 'message': '💡 Decisión de compra', 'additional_data': {'precio': 2634.96, 'indicadores': {'close': 2634.96, 'high': 2636.17, 'low': 2634.87, 'open': 2635.84, 'price': 2262.9305061956234, 'timestamp': '2025-05-22 21:43:00', 'volume': 103.3253, 'RSI': 49.94087625573678, 'MACD': -0.32329918207415176, 'MACD_signal': -0.7587409688368607, 'MACD_hist': 0.43544178676270895, 'ATR': 2.1793834514972295, 'ADX': 14.640176738421262, 'Plus_DI': 26.31444261041423, 'Minus_DI': 24.553177247451178, 'BB_Middle': 2633.3675, 'BB_Upper': 2637.406900328773, 'BB_Lower': 2629.3280996712265, 'Ichimoku_Tenkan': 2634.7799999999997, 'Ichimoku_Kijun': 2635.415, 'Ichimoku_SpanA': 2638.8450000000003, 'Ichimoku_SpanB': 2639.065, 'Ichimoku_Chikou': nan}}}
2025-05-22 17:44:01,046 - INFO - ✅ Datos guardados en historial_trading.csv
2025-05-22 17:44:01,047 - INFO - ✅ 3000 nuevos registros añadidos al historial.
2025-05-22 17:44:01,047 - INFO - 🔄 Iniciando ciclo de trading...
2025-05-22 17:44:01,047 - INFO - 🌍 Conectando a Binance para obtener datos reales...
2025-05-22 17:44:02,036 - INFO - ✅ Conexión exitosa con Binance.
2025-05-22 17:44:02,036 - INFO - 📌 Solicitando datos históricos (500 registros) desde Binance...
2025-05-22 17:44:02,562 - INFO - ✅ Datos históricos listos: 500 registros.
2025-05-22 17:44:02,563 - INFO - ✅ Datos históricos obtenidos con 500 registros.
2025-05-22 17:44:02,585 - INFO - 📊 Evaluación de indicadores completada: ['✅ MACD alcista (MACD > Signal) - posible compra', '🌧️ Ichimoku bajista (SpanA < SpanB)']
2025-05-22 17:44:02,586 - INFO - 📊 Recomendaciones basadas en indicadores: ['✅ MACD alcista (MACD > Signal) - posible compra', '🌧️ Ichimoku bajista (SpanA < SpanB)']
2025-05-22 17:44:02,586 - INFO - Evaluando compra: RSI=52.5331218911242
2025-05-22 17:44:02,586 - INFO - ✅ Oportunidad de compra detectada (SIMULADA).
2025-05-22 17:44:02,587 - INFO - 📊 Decisión registrada: {'timestamp': '2025-05-22 17:44:02', 'operacion': 'COMPRA', 'precio': 2635.92, 'condiciones': {'timestamp': '2025-05-22T21:44:00', 'open': 2634.97, 'high': 2635.92, 'low': 2634.96, 'close': 2635.92, 'volume': 40.9877, 'RSI': 52.5331218911242, 'MACD': -0.24117484866746963, 'MACD_signal': -0.7411673842067795, 'MACD_hist': 0.4999925355393099, 'ATR': 2.1550977372115048, 'ADX': 14.640176738421335, 'Plus_DI': 26.610979061541272, 'Minus_DI': 24.829866066311848, 'BB_Middle': 2633.4199999999996, 'BB_Upper': 2637.562134715384, 'BB_Lower': 2629.277865284615, 'Ichimoku_Tenkan': 2634.7799999999997, 'Ichimoku_Kijun': 2635.415, 'Ichimoku_SpanA': 2638.8450000000003, 'Ichimoku_SpanB': 2639.065, 'Ichimoku_Chikou': nan}, 'resultado': 'simulada'}
2025-05-22 17:44:02,588 - INFO - ✅ Ciclo de trading completado.
2025-05-22 17:44:24,057 - INFO - ⚙️ Iniciando bot de trading...
2025-05-22 17:44:24,057 - INFO - 🔗 Conectando a Binance...
2025-05-22 17:44:24,925 - INFO - ✅ Conexión exitosa con Binance.
2025-05-22 17:44:24,926 - INFO - 📊 Obteniendo datos históricos de ETHUSDT en intervalo 1m...
2025-05-22 17:44:24,926 - INFO - 📌 Solicitando datos históricos (5000 registros) desde Binance...
2025-05-22 17:44:26,306 - INFO - ✅ Datos históricos listos: 3000 registros.
2025-05-22 17:44:26,307 - INFO - ✅ Datos históricos obtenidos con 3000 registros.
2025-05-22 17:44:27,259 - INFO - ✅ Conexión exitosa con Binance.
2025-05-22 17:44:27,260 - INFO - 📥 Obteniendo 3000 registros de ETHUSDT...
2025-05-22 17:44:27,291 - INFO - 🔍 Columnas detectadas: ['close', 'high', 'low', 'open', 'price', 'timestamp', 'volume']
2025-05-22 17:44:27,302 - INFO - 🔍 Primeras 5 filas:
     close     high      low     open    price        timestamp    volume
0  1823.96  1823.97  1822.55  1823.57  1823.96  1746484380000.0  152.7713
1   1822.6  1823.97  1822.20  1823.97  1822.60  1746484440000.0  182.9051
2  1823.99  1823.99  1822.60  1822.60  1823.99  1746484500000.0  197.1422
3  1824.48  1824.48  1823.68  1824.00  1824.48  1746484560000.0  179.0136
4  1824.65  1824.81  1824.00  1824.48  1824.65  1746484620000.0  110.4405
2025-05-22 17:44:27,343 - INFO - ✅ Datos históricos obtenidos: 18071 registros.
2025-05-22 17:44:27,346 - INFO - 📊 Registros obtenidos desde CSV: 18071
2025-05-22 17:44:27,346 - INFO - 📌 Solicitando datos históricos (3000 registros) desde Binance...
2025-05-22 17:44:28,843 - INFO - ✅ Datos históricos listos: 3000 registros.
2025-05-22 17:44:28,844 - INFO - 📊 Registros obtenidos en tiempo real: 3000
2025-05-22 17:44:28,858 - WARNING - ⚠️ Diferencia de columnas entre históricos y live: {'price'}
2025-05-22 17:44:28,876 - INFO - 📊 Registros en df_combined antes de validación: 16078
2025-05-22 17:44:28,876 - INFO - 🔍 Columnas en df_combined: ['close', 'high', 'low', 'open', 'price', 'timestamp', 'volume']
2025-05-22 17:44:28,885 - INFO - 📊 Primeros 5 registros:
     close     high      low     open    price        timestamp    volume
0  1823.96  1823.97  1822.55  1823.57  1823.96  1746484380000.0  152.7713
1   1822.6  1823.97  1822.20  1823.97  1822.60  1746484440000.0  182.9051
2  1823.99  1823.99  1822.60  1822.60  1823.99  1746484500000.0  197.1422
3  1824.48  1824.48  1823.68  1824.00  1824.48  1746484560000.0  179.0136
4  1824.65  1824.81  1824.00  1824.48  1824.65  1746484620000.0  110.4405
2025-05-22 17:44:29,093 - INFO - Evaluando compra: RSI=54.414890379072695
2025-05-22 17:44:29,094 - INFO - 🟢 Señal de COMPRA detectada a $2636.68
2025-05-22 17:44:29,095 - INFO - 📊 Decisión registrada: {'timestamp': '2025-05-22 17:44:29', 'operacion': 'COMPRA', 'precio': 2636.68, 'condiciones': {'close': 2636.68, 'high': 2636.69, 'low': 2634.96, 'open': 2634.97, 'price': 2308.0210911843483, 'timestamp': '2025-05-22T21:44:00', 'volume': 77.5928, 'RSI': 54.414890379072695, 'MACD': -0.02410075351326668, 'MACD_signal': -0.5880537731677585, 'MACD_hist': 0.5639530196544918, 'ATR': 2.1758050416963974, 'ADX': 14.272881419189869, 'Plus_DI': 26.06017703660189, 'Minus_DI': 22.83687557810419, 'BB_Middle': 2633.5175, 'BB_Upper': 2637.906499318549, 'BB_Lower': 2629.128500681451, 'Ichimoku_Tenkan': 2634.7799999999997, 'Ichimoku_Kijun': 2634.3050000000003, 'Ichimoku_SpanA': 2638.8450000000003, 'Ichimoku_SpanB': 2639.065, 'Ichimoku_Chikou': nan}, 'resultado': 'aprobado'}
2025-05-22 17:44:29,096 - INFO - 📌 Operación registrada en JSON: {'timestamp': '2025-05-22 17:44:29', 'type': 'INFO', 'message': '💡 Decisión de compra', 'additional_data': {'precio': 2636.68, 'indicadores': {'close': 2636.68, 'high': 2636.69, 'low': 2634.96, 'open': 2634.97, 'price': 2308.0210911843483, 'timestamp': '2025-05-22 21:44:00', 'volume': 77.5928, 'RSI': 54.414890379072695, 'MACD': -0.02410075351326668, 'MACD_signal': -0.5880537731677585, 'MACD_hist': 0.5639530196544918, 'ATR': 2.1758050416963974, 'ADX': 14.272881419189869, 'Plus_DI': 26.06017703660189, 'Minus_DI': 22.83687557810419, 'BB_Middle': 2633.5175, 'BB_Upper': 2637.906499318549, 'BB_Lower': 2629.128500681451, 'Ichimoku_Tenkan': 2634.7799999999997, 'Ichimoku_Kijun': 2634.3050000000003, 'Ichimoku_SpanA': 2638.8450000000003, 'Ichimoku_SpanB': 2639.065, 'Ichimoku_Chikou': nan}}}
2025-05-22 17:44:29,132 - INFO - ✅ Datos guardados en historial_trading.csv
2025-05-22 17:44:29,133 - INFO - ✅ 3000 nuevos registros añadidos al historial.
2025-05-22 17:44:29,134 - INFO - 🔄 Iniciando ciclo de trading...
2025-05-22 17:44:29,134 - INFO - 🌍 Conectando a Binance para obtener datos reales...
2025-05-22 17:44:30,219 - INFO - ✅ Conexión exitosa con Binance.
2025-05-22 17:44:30,219 - INFO - 📌 Solicitando datos históricos (500 registros) desde Binance...
2025-05-22 17:44:30,594 - INFO - ✅ Datos históricos listos: 500 registros.
2025-05-22 17:44:30,594 - INFO - ✅ Datos históricos obtenidos con 500 registros.
2025-05-22 17:44:30,612 - INFO - 📊 Evaluación de indicadores completada: ['✅ MACD alcista (MACD > Signal) - posible compra', '🌧️ Ichimoku bajista (SpanA < SpanB)']
2025-05-22 17:44:30,613 - INFO - 📊 Recomendaciones basadas en indicadores: ['✅ MACD alcista (MACD > Signal) - posible compra', '🌧️ Ichimoku bajista (SpanA < SpanB)']
2025-05-22 17:44:30,614 - INFO - Evaluando compra: RSI=53.86134310798493
2025-05-22 17:44:30,614 - INFO - ✅ Oportunidad de compra detectada (SIMULADA).
2025-05-22 17:44:30,617 - INFO - 📊 Decisión registrada: {'timestamp': '2025-05-22 17:44:30', 'operacion': 'COMPRA', 'precio': 2636.45, 'condiciones': {'timestamp': '2025-05-22T21:44:00', 'open': 2634.97, 'high': 2636.69, 'low': 2634.96, 'close': 2636.45, 'volume': 81.6886, 'RSI': 53.86134310798493, 'MACD': -0.1988956463883369, 'MACD_signal': -0.7327115437509529, 'MACD_hist': 0.533815897362616, 'ATR': 2.2100977372115036, 'ADX': 14.863717232211874, 'Plus_DI': 27.629342108571294, 'Minus_DI': 24.211955550114425, 'BB_Middle': 2633.4465, 'BB_Upper': 2637.658465218327, 'BB_Lower': 2629.234534781673, 'Ichimoku_Tenkan': 2634.7799999999997, 'Ichimoku_Kijun': 2635.415, 'Ichimoku_SpanA': 2638.8450000000003, 'Ichimoku_SpanB': 2639.065, 'Ichimoku_Chikou': nan}, 'resultado': 'simulada'}
2025-05-22 17:44:30,617 - INFO - ✅ Ciclo de trading completado.
2025-05-25 18:22:16,189 - INFO - ⚙️ Iniciando bot de trading...
2025-05-25 18:22:16,189 - INFO - 🔗 Conectando a Binance...
2025-05-25 18:22:17,690 - INFO - ✅ Conexión exitosa con Binance.
2025-05-25 18:22:17,690 - INFO - 📊 Obteniendo datos históricos de ETHUSDT en intervalo 1m...
2025-05-25 18:22:17,690 - INFO - 📌 Solicitando datos históricos (5000 registros) desde Binance...
2025-05-25 18:22:19,114 - INFO - ✅ Datos históricos listos: 3000 registros.
2025-05-25 18:22:19,114 - INFO - ✅ Datos históricos obtenidos con 3000 registros.
2025-05-25 18:22:20,764 - INFO - ✅ Conexión exitosa con Binance.
2025-05-25 18:22:20,764 - INFO - 📥 Obteniendo 3000 registros de ETHUSDT...
2025-05-25 18:22:20,790 - INFO - 🔍 Columnas detectadas: ['close', 'high', 'low', 'open', 'price', 'timestamp', 'volume']
2025-05-25 18:22:20,814 - INFO - 🔍 Primeras 5 filas:
     close     high      low     open    price        timestamp    volume
0  1823.96  1823.97  1822.55  1823.57  1823.96  1746484380000.0  152.7713
1  1822.60  1823.97  1822.20  1823.97  1822.60  1746484440000.0  182.9051
2  1823.99  1823.99  1822.60  1822.60  1823.99  1746484500000.0  197.1422
3  1824.48  1824.48  1823.68  1824.00  1824.48  1746484560000.0  179.0136
4  1824.65  1824.81  1824.00  1824.48  1824.65  1746484620000.0  110.4405
2025-05-25 18:22:20,841 - INFO - ✅ Datos históricos obtenidos: 14963 registros.
2025-05-25 18:22:20,843 - INFO - 📊 Registros obtenidos desde CSV: 14963
2025-05-25 18:22:20,844 - INFO - 📌 Solicitando datos históricos (3000 registros) desde Binance...
2025-05-25 18:22:22,189 - INFO - ✅ Datos históricos listos: 3000 registros.
2025-05-25 18:22:22,191 - INFO - 📊 Registros obtenidos en tiempo real: 3000
2025-05-25 18:22:22,192 - WARNING - ⚠️ Diferencia de columnas entre históricos y live: {'price'}
2025-05-25 18:22:22,214 - INFO - 📊 Registros en df_combined antes de validación: 14991
2025-05-25 18:22:22,214 - INFO - 🔍 Columnas en df_combined: ['close', 'high', 'low', 'open', 'price', 'timestamp', 'volume']
2025-05-25 18:22:22,231 - INFO - 📊 Primeros 5 registros:
     close     high      low     open    price        timestamp    volume
0  1823.96  1823.97  1822.55  1823.57  1823.96  1746484380000.0  152.7713
1  1822.60  1823.97  1822.20  1823.97  1822.60  1746484440000.0  182.9051
2  1823.99  1823.99  1822.60  1822.60  1823.99  1746484500000.0  197.1422
3  1824.48  1824.48  1823.68  1824.00  1824.48  1746484560000.0  179.0136
4  1824.65  1824.81  1824.00  1824.48  1824.65  1746484620000.0  110.4405
2025-05-25 18:22:22,424 - INFO - Evaluando compra: RSI=57.79345490268747
2025-05-25 18:22:22,424 - INFO - 🟢 Señal de COMPRA detectada a $2535.99
2025-05-25 18:22:22,439 - INFO - 📊 Decisión registrada: {'timestamp': '2025-05-25 18:22:22', 'operacion': 'COMPRA', 'precio': 2535.99, 'condiciones': {'close': 2535.99, 'high': 2536.0, 'low': 2532.49, 'open': 2532.49, 'price': 2267.2392266949155, 'timestamp': '2025-05-25T22:22:00', 'volume': 111.6184, 'RSI': 57.79345490268747, 'MACD': 3.006194139677973, 'MACD_signal': 3.744330333191574, 'MACD_hist': -0.738136193513601, 'ATR': 4.468175474424146, 'ADX': 29.98691226053316, 'Plus_DI': 19.792590087096652, 'Minus_DI': 14.184663452681598, 'BB_Middle': 2535.5609999999997, 'BB_Upper': 2545.861665802941, 'BB_Lower': 2525.2603341970585, 'Ichimoku_Tenkan': 2536.1899999999996, 'Ichimoku_Kijun': 2530.65, 'Ichimoku_SpanA': 2517.995, 'Ichimoku_SpanB': 2519.525, 'Ichimoku_Chikou': nan}, 'resultado': 'aprobado'}
2025-05-25 18:22:22,439 - INFO - 📌 Operación registrada en JSON: {'timestamp': '2025-05-25 18:22:22', 'type': 'INFO', 'message': '💡 Decisión de compra', 'additional_data': {'precio': 2535.99, 'indicadores': {'close': 2535.99, 'high': 2536.0, 'low': 2532.49, 'open': 2532.49, 'price': 2267.2392266949155, 'timestamp': '2025-05-25 22:22:00', 'volume': 111.6184, 'RSI': 57.79345490268747, 'MACD': 3.006194139677973, 'MACD_signal': 3.744330333191574, 'MACD_hist': -0.738136193513601, 'ATR': 4.468175474424146, 'ADX': 29.98691226053316, 'Plus_DI': 19.792590087096652, 'Minus_DI': 14.184663452681598, 'BB_Middle': 2535.5609999999997, 'BB_Upper': 2545.861665802941, 'BB_Lower': 2525.2603341970585, 'Ichimoku_Tenkan': 2536.1899999999996, 'Ichimoku_Kijun': 2530.65, 'Ichimoku_SpanA': 2517.995, 'Ichimoku_SpanB': 2519.525, 'Ichimoku_Chikou': nan}}}
2025-05-25 18:22:22,478 - INFO - ✅ Datos guardados en historial_trading.csv
2025-05-25 18:22:22,478 - INFO - ✅ 3000 nuevos registros añadidos al historial.
2025-05-25 18:22:22,478 - INFO - 🔄 Iniciando ciclo de trading...
2025-05-25 18:22:22,478 - INFO - 🌍 Conectando a Binance para obtener datos reales...
2025-05-25 18:22:23,674 - INFO - ✅ Conexión exitosa con Binance.
2025-05-25 18:22:23,674 - INFO - 📌 Solicitando datos históricos (500 registros) desde Binance...
2025-05-25 18:22:24,105 - INFO - ✅ Datos históricos listos: 500 registros.
2025-05-25 18:22:24,105 - INFO - ✅ Datos históricos obtenidos con 500 registros.
2025-05-25 18:22:24,145 - INFO - 📊 Evaluación de indicadores completada: ['❌ MACD bajista (MACD < Signal) - posible venta', '📈 Tendencia fuerte detectada (ADX > 25)', '🌧️ Ichimoku bajista (SpanA < SpanB)']
2025-05-25 18:22:24,145 - INFO - 📊 Recomendaciones basadas en indicadores: ['❌ MACD bajista (MACD < Signal) - posible venta', '📈 Tendencia fuerte detectada (ADX > 25)', '🌧️ Ichimoku bajista (SpanA < SpanB)']
2025-05-25 18:22:24,145 - INFO - Evaluando compra: RSI=58.19550047925483
2025-05-25 18:22:24,145 - INFO - ✅ Oportunidad de compra detectada (SIMULADA).
2025-05-25 18:22:24,145 - INFO - 📊 Decisión registrada: {'timestamp': '2025-05-25 18:22:24', 'operacion': 'COMPRA', 'precio': 2536.3, 'condiciones': {'timestamp': '2025-05-25T22:22:00', 'open': 2532.49, 'high': 2536.3, 'low': 2532.49, 'close': 2536.3, 'volume': 113.2703, 'RSI': 58.19550047925483, 'MACD': 3.3458044045605675, 'MACD_signal': 4.124840741213539, 'MACD_hist': -0.7790363366529718, 'ATR': 4.64268533466602, 'ADX': 32.21254698047592, 'Plus_DI': 22.553450409631314, 'Minus_DI': 15.832495512711851, 'BB_Middle': 2534.2575, 'BB_Upper': 2547.0939541443236, 'BB_Lower': 2521.4210458556768, 'Ichimoku_Tenkan': 2537.305, 'Ichimoku_Kijun': 2530.65, 'Ichimoku_SpanA': 2516.455, 'Ichimoku_SpanB': 2519.525, 'Ichimoku_Chikou': nan}, 'resultado': 'simulada'}
2025-05-25 18:22:24,145 - INFO - ✅ Ciclo de trading completado.
2025-05-25 19:30:31,598 - INFO - ⚙️ Iniciando bot de trading...
2025-05-25 19:30:31,598 - INFO - 🔗 Conectando a Binance...
2025-05-25 19:30:32,414 - INFO - ✅ Conexión exitosa con Binance.
2025-05-25 19:30:32,414 - INFO - 📊 Obteniendo datos históricos de ETHUSDT en intervalo 1m...
2025-05-25 19:30:32,414 - INFO - 📌 Solicitando datos históricos (5000 registros) desde Binance...
2025-05-25 19:30:33,579 - INFO - ✅ Datos históricos listos: 3000 registros.
2025-05-25 19:30:33,579 - INFO - ✅ Datos históricos obtenidos con 3000 registros.
2025-05-25 19:30:34,540 - INFO - ✅ Conexión exitosa con Binance.
2025-05-25 19:30:34,540 - INFO - 📥 Obteniendo 3000 registros de ETHUSDT...
2025-05-25 19:30:34,581 - INFO - 🔍 Columnas detectadas: ['close', 'high', 'low', 'open', 'price', 'timestamp', 'volume']
2025-05-25 19:30:34,601 - INFO - 🔍 Primeras 5 filas:
     close     high      low     open    price        timestamp    volume
0  1823.96  1823.97  1822.55  1823.57  1823.96  1746484380000.0  152.7713
1  1822.60  1823.97  1822.20  1823.97  1822.60  1746484440000.0  182.9051
2  1823.99  1823.99  1822.60  1822.60  1823.99  1746484500000.0  197.1422
3  1824.48  1824.48  1823.68  1824.00  1824.48  1746484560000.0  179.0136
4  1824.65  1824.81  1824.00  1824.48  1824.65  1746484620000.0  110.4405
2025-05-25 19:30:34,633 - INFO - ✅ Datos históricos obtenidos: 16975 registros.
2025-05-25 19:30:34,637 - INFO - 📊 Registros obtenidos desde CSV: 16975
2025-05-25 19:30:34,637 - INFO - 📌 Solicitando datos históricos (3000 registros) desde Binance...
2025-05-25 19:30:35,806 - INFO - ✅ Datos históricos listos: 3000 registros.
2025-05-25 19:30:35,813 - INFO - 📊 Registros obtenidos en tiempo real: 3000
2025-05-25 19:30:35,833 - WARNING - ⚠️ Diferencia de columnas entre históricos y live: {'price'}
2025-05-25 19:30:35,851 - INFO - 📊 Registros en df_combined antes de validación: 17042
2025-05-25 19:30:35,851 - INFO - 🔍 Columnas en df_combined: ['close', 'high', 'low', 'open', 'price', 'timestamp', 'volume']
2025-05-25 19:30:35,855 - INFO - 📊 Primeros 5 registros:
     close     high      low     open    price        timestamp    volume
0  1823.96  1823.97  1822.55  1823.57  1823.96  1746484380000.0  152.7713
1  1822.60  1823.97  1822.20  1823.97  1822.60  1746484440000.0  182.9051
2  1823.99  1823.99  1822.60  1822.60  1823.99  1746484500000.0  197.1422
3  1824.48  1824.48  1823.68  1824.00  1824.48  1746484560000.0  179.0136
4  1824.65  1824.81  1824.00  1824.48  1824.65  1746484620000.0  110.4405
2025-05-25 19:30:36,064 - INFO - Evaluando compra: RSI=43.588505585612054
2025-05-25 19:30:36,064 - INFO - 🟢 Señal de COMPRA detectada a $2538.16
2025-05-25 19:30:36,079 - INFO - 📊 Decisión registrada: {'timestamp': '2025-05-25 19:30:36', 'operacion': 'COMPRA', 'precio': 2538.16, 'condiciones': {'close': 2538.16, 'high': 2538.7, 'low': 2537.52, 'open': 2538.7, 'price': 2295.3252747252745, 'timestamp': '2025-05-25T23:30:00', 'volume': 135.7669, 'RSI': 43.588505585612054, 'MACD': -2.046107427197512, 'MACD_signal': -1.9940277174572536, 'MACD_hist': -0.05207970974025855, 'ATR': 2.5070207868536754, 'ADX': 24.463007570422217, 'Plus_DI': 17.071672393193342, 'Minus_DI': 26.265487988614794, 'BB_Middle': 2539.983, 'BB_Upper': 2545.77295371227, 'BB_Lower': 2534.1930462877303, 'Ichimoku_Tenkan': 2537.75, 'Ichimoku_Kijun': 2543.0, 'Ichimoku_SpanA': 2547.2025000000003, 'Ichimoku_SpanB': 2542.98, 'Ichimoku_Chikou': nan}, 'resultado': 'aprobado'}
2025-05-25 19:30:36,079 - INFO - 📌 Operación registrada en JSON: {'timestamp': '2025-05-25 19:30:36', 'type': 'INFO', 'message': '💡 Decisión de compra', 'additional_data': {'precio': 2538.16, 'indicadores': {'close': 2538.16, 'high': 2538.7, 'low': 2537.52, 'open': 2538.7, 'price': 2295.3252747252745, 'timestamp': '2025-05-25 23:30:00', 'volume': 135.7669, 'RSI': 43.588505585612054, 'MACD': -2.046107427197512, 'MACD_signal': -1.9940277174572536, 'MACD_hist': -0.05207970974025855, 'ATR': 2.5070207868536754, 'ADX': 24.463007570422217, 'Plus_DI': 17.071672393193342, 'Minus_DI': 26.265487988614794, 'BB_Middle': 2539.983, 'BB_Upper': 2545.77295371227, 'BB_Lower': 2534.1930462877303, 'Ichimoku_Tenkan': 2537.75, 'Ichimoku_Kijun': 2543.0, 'Ichimoku_SpanA': 2547.2025000000003, 'Ichimoku_SpanB': 2542.98, 'Ichimoku_Chikou': nan}}}
2025-05-25 19:30:36,120 - INFO - ✅ Datos guardados en historial_trading.csv
2025-05-25 19:30:36,121 - INFO - ✅ 3000 nuevos registros añadidos al historial.
2025-05-25 19:30:36,122 - INFO - 🔄 Iniciando ciclo de trading...
2025-05-25 19:30:36,122 - INFO - 🌍 Conectando a Binance para obtener datos reales...
2025-05-25 19:30:37,089 - INFO - ✅ Conexión exitosa con Binance.
2025-05-25 19:30:37,089 - INFO - 📌 Solicitando datos históricos (500 registros) desde Binance...
2025-05-25 19:30:37,448 - INFO - ✅ Datos históricos listos: 500 registros.
2025-05-25 19:30:37,448 - INFO - ✅ Datos históricos obtenidos con 500 registros.
2025-05-25 19:30:37,478 - INFO - 📊 Evaluación de indicadores completada: ['❌ MACD bajista (MACD < Signal) - posible venta', '🌤️ Ichimoku alcista (SpanA > SpanB)']
2025-05-25 19:30:37,478 - INFO - 📊 Recomendaciones basadas en indicadores: ['❌ MACD bajista (MACD < Signal) - posible venta', '🌤️ Ichimoku alcista (SpanA > SpanB)']
2025-05-25 19:30:37,478 - INFO - Evaluando compra: RSI=43.588505585612054
2025-05-25 19:30:37,478 - INFO - ✅ Oportunidad de compra detectada (SIMULADA).
2025-05-25 19:30:37,483 - INFO - 📊 Decisión registrada: {'timestamp': '2025-05-25 19:30:37', 'operacion': 'COMPRA', 'precio': 2538.16, 'condiciones': {'timestamp': '2025-05-25T23:30:00', 'open': 2538.7, 'high': 2538.7, 'low': 2537.52, 'close': 2538.16, 'volume': 135.7669, 'RSI': 43.588505585612054, 'MACD': -2.046107427197512, 'MACD_signal': -1.9940277174572536, 'MACD_hist': -0.05207970974025855, 'ATR': 2.5070207868536754, 'ADX': 24.463007570422313, 'Plus_DI': 17.071672393193342, 'Minus_DI': 26.265487988614794, 'BB_Middle': 2539.9829999999997, 'BB_Upper': 2545.772953713048, 'BB_Lower': 2534.1930462869514, 'Ichimoku_Tenkan': 2537.75, 'Ichimoku_Kijun': 2543.0, 'Ichimoku_SpanA': 2547.2025000000003, 'Ichimoku_SpanB': 2542.98, 'Ichimoku_Chikou': nan}, 'resultado': 'simulada'}
2025-05-25 19:30:37,484 - INFO - ✅ Ciclo de trading completado.
2025-05-25 21:06:17,130 - INFO - ⚙️ Iniciando bot de trading...
2025-05-25 21:06:17,130 - INFO - 🔗 Conectando a Binance...
2025-05-25 21:06:18,164 - INFO - ✅ Conexión exitosa con Binance.
2025-05-25 21:06:18,164 - INFO - 📊 Obteniendo datos históricos de ETHUSDT en intervalo 1m...
2025-05-25 21:06:18,164 - INFO - 📌 Solicitando datos históricos (5000 registros) desde Binance...
2025-05-25 21:06:19,840 - INFO - ✅ Datos históricos listos: 3000 registros.
2025-05-25 21:06:19,840 - INFO - ✅ Datos históricos obtenidos con 3000 registros.
2025-05-25 21:06:21,639 - INFO - ✅ Conexión exitosa con Binance.
2025-05-25 21:06:21,639 - INFO - 📥 Obteniendo 3000 registros de ETHUSDT...
2025-05-25 21:06:21,663 - INFO - 🔍 Columnas detectadas: ['close', 'high', 'low', 'open', 'price', 'timestamp', 'volume']
2025-05-25 21:06:21,682 - INFO - 🔍 Primeras 5 filas:
     close     high      low     open    price        timestamp    volume
0  1823.96  1823.97  1822.55  1823.57  1823.96  1746484380000.0  152.7713
1  1822.60  1823.97  1822.20  1823.97  1822.60  1746484440000.0  182.9051
2  1823.99  1823.99  1822.60  1822.60  1823.99  1746484500000.0  197.1422
3  1824.48  1824.48  1823.68  1824.00  1824.48  1746484560000.0  179.0136
4  1824.65  1824.81  1824.00  1824.48  1824.65  1746484620000.0  110.4405
2025-05-25 21:06:21,719 - INFO - ✅ Datos históricos obtenidos: 17170 registros.
2025-05-25 21:06:21,722 - INFO - 📊 Registros obtenidos desde CSV: 17170
2025-05-25 21:06:21,722 - INFO - 📌 Solicitando datos históricos (3000 registros) desde Binance...
2025-05-25 21:06:23,190 - INFO - ✅ Datos históricos listos: 3000 registros.
2025-05-25 21:06:23,190 - INFO - 📊 Registros obtenidos en tiempo real: 3000
2025-05-25 21:06:23,217 - WARNING - ⚠️ Diferencia de columnas entre históricos y live: {'price'}
2025-05-25 21:06:23,233 - INFO - 📊 Registros en df_combined antes de validación: 17217
2025-05-25 21:06:23,233 - INFO - 🔍 Columnas en df_combined: ['close', 'high', 'low', 'open', 'price', 'timestamp', 'volume']
2025-05-25 21:06:23,239 - INFO - 📊 Primeros 5 registros:
     close     high      low     open    price        timestamp    volume
0  1823.96  1823.97  1822.55  1823.57  1823.96  1746484380000.0  152.7713
1  1822.60  1823.97  1822.20  1823.97  1822.60  1746484440000.0  182.9051
2  1823.99  1823.99  1822.60  1822.60  1823.99  1746484500000.0  197.1422
3  1824.48  1824.48  1823.68  1824.00  1824.48  1746484560000.0  179.0136
4  1824.65  1824.81  1824.00  1824.48  1824.65  1746484620000.0  110.4405
2025-05-25 21:06:23,442 - INFO - Evaluación compra: votos=1/6 | usados=['ADX']
2025-05-25 21:06:23,442 - INFO - 🟢 Señal de COMPRA detectada a $2563.59
2025-05-25 21:06:23,442 - INFO - 📊 Decisión registrada: {'timestamp': '2025-05-25 21:06:23', 'operacion': 'COMPRA', 'precio': 2563.59, 'condiciones': {'close': 2563.59, 'high': 2563.9, 'low': 2563.21, 'open': 2563.9, 'price': 2297.30476052418, 'timestamp': '2025-05-26T01:06:00', 'volume': 119.5726, 'RSI': 53.477920701861464, 'MACD': 2.554257364019122, 'MACD_signal': 3.4267684423596796, 'MACD_hist': -0.8725110783405574, 'ATR': 2.8878731218226217, 'ADX': 32.975463780197195, 'Plus_DI': 36.57522794293193, 'Minus_DI': 22.651373653394344, 'BB_Middle': 2563.7125, 'BB_Upper': 2574.789156309028, 'BB_Lower': 2552.6358436909723, 'Ichimoku_Tenkan': 2570.0550000000003, 'Ichimoku_Kijun': 2565.215, 'Ichimoku_SpanA': 2550.7325, 'Ichimoku_SpanB': 2548.42, 'Ichimoku_Chikou': nan}, 'resultado': 'aprobado', 'indicadores_usados': []}
2025-05-25 21:06:23,457 - INFO - 📌 Operación registrada en JSON: {'timestamp': '2025-05-25 21:06:23', 'type': 'INFO', 'message': '💡 Decisión de compra', 'additional_data': {'precio': 2563.59, 'indicadores': {'close': 2563.59, 'high': 2563.9, 'low': 2563.21, 'open': 2563.9, 'price': 2297.30476052418, 'timestamp': '2025-05-26 01:06:00', 'volume': 119.5726, 'RSI': 53.477920701861464, 'MACD': 2.554257364019122, 'MACD_signal': 3.4267684423596796, 'MACD_hist': -0.8725110783405574, 'ATR': 2.8878731218226217, 'ADX': 32.975463780197195, 'Plus_DI': 36.57522794293193, 'Minus_DI': 22.651373653394344, 'BB_Middle': 2563.7125, 'BB_Upper': 2574.789156309028, 'BB_Lower': 2552.6358436909723, 'Ichimoku_Tenkan': 2570.0550000000003, 'Ichimoku_Kijun': 2565.215, 'Ichimoku_SpanA': 2550.7325, 'Ichimoku_SpanB': 2548.42, 'Ichimoku_Chikou': nan}}}
2025-05-25 21:06:23,489 - INFO - ✅ Datos guardados en historial_trading.csv
2025-05-25 21:06:23,489 - INFO - ✅ 3000 nuevos registros añadidos al historial.
2025-05-25 21:06:23,494 - INFO - 🔄 Iniciando ciclo de trading...
2025-05-25 21:06:23,494 - INFO - 🌍 Conectando a Binance para obtener datos reales...
2025-05-25 21:06:24,789 - INFO - ✅ Conexión exitosa con Binance.
2025-05-25 21:06:24,790 - INFO - 📌 Solicitando datos históricos (500 registros) desde Binance...
2025-05-25 21:06:25,214 - INFO - ✅ Datos históricos listos: 500 registros.
2025-05-25 21:06:25,214 - INFO - ✅ Datos históricos obtenidos con 500 registros.
2025-05-25 21:06:25,245 - INFO - 📊 Evaluación de indicadores completada: ['❌ MACD bajista (MACD < Signal) - posible venta', '📈 Tendencia fuerte detectada (ADX > 25)', '🌤️ Ichimoku alcista (SpanA > SpanB)']
2025-05-25 21:06:25,246 - INFO - 📊 Recomendaciones basadas en indicadores: ['❌ MACD bajista (MACD < Signal) - posible venta', '📈 Tendencia fuerte detectada (ADX > 25)', '🌤️ Ichimoku alcista (SpanA > SpanB)']
2025-05-25 21:06:25,247 - INFO - Evaluación compra: votos=1/6 | usados=['ADX']
2025-05-25 21:06:25,247 - INFO - ✅ Oportunidad de compra detectada (SIMULADA).
2025-05-25 21:06:25,248 - INFO - 📊 Decisión registrada: {'timestamp': '2025-05-25 21:06:25', 'operacion': 'COMPRA', 'precio': 2563.22, 'condiciones': {'timestamp': '2025-05-26T01:06:00', 'open': 2563.9, 'high': 2563.9, 'low': 2563.21, 'close': 2563.22, 'volume': 121.3863, 'RSI': 52.74063170633106, 'MACD': 3.242210614861051, 'MACD_signal': 3.8255191515481823, 'MACD_hist': -0.5833085366871313, 'ATR': 3.23901261465818, 'ADX': 34.48778388975056, 'Plus_DI': 37.8200307307201, 'Minus_DI': 23.422291420878164, 'BB_Middle': 2563.1985, 'BB_Upper': 2574.6873298359146, 'BB_Lower': 2551.7096701640853, 'Ichimoku_Tenkan': 2570.0550000000003, 'Ichimoku_Kijun': 2565.215, 'Ichimoku_SpanA': 2548.5275, 'Ichimoku_SpanB': 2547.73, 'Ichimoku_Chikou': nan}, 'resultado': 'simulada', 'indicadores_usados': []}
2025-05-25 21:06:25,249 - INFO - ✅ Ciclo de trading completado.
2025-05-25 21:07:37,763 - INFO - ⚙️ Iniciando bot de trading...
2025-05-25 21:07:37,763 - INFO - 🔗 Conectando a Binance...
2025-05-25 21:07:38,780 - INFO - ✅ Conexión exitosa con Binance.
2025-05-25 21:07:38,790 - INFO - 📊 Obteniendo datos históricos de ETHUSDT en intervalo 1m...
2025-05-25 21:07:38,790 - INFO - 📌 Solicitando datos históricos (5000 registros) desde Binance...
2025-05-25 21:07:39,973 - INFO - ✅ Datos históricos listos: 3000 registros.
2025-05-25 21:07:39,974 - INFO - ✅ Datos históricos obtenidos con 3000 registros.
2025-05-25 21:07:41,190 - INFO - ✅ Conexión exitosa con Binance.
2025-05-25 21:07:41,190 - INFO - 📥 Obteniendo 3000 registros de ETHUSDT...
2025-05-25 21:07:41,231 - INFO - 🔍 Columnas detectadas: ['close', 'high', 'low', 'open', 'price', 'timestamp', 'volume']
2025-05-25 21:07:41,249 - INFO - 🔍 Primeras 5 filas:
     close     high      low     open    price        timestamp    volume
0  1823.96  1823.97  1822.55  1823.57  1823.96  1746484380000.0  152.7713
1   1822.6  1823.97  1822.20  1823.97  1822.60  1746484440000.0  182.9051
2  1823.99  1823.99  1822.60  1822.60  1823.99  1746484500000.0  197.1422
3  1824.48  1824.48  1823.68  1824.00  1824.48  1746484560000.0  179.0136
4  1824.65  1824.81  1824.00  1824.48  1824.65  1746484620000.0  110.4405
2025-05-25 21:07:41,289 - INFO - ✅ Datos históricos obtenidos: 20170 registros.
2025-05-25 21:07:41,299 - INFO - 📊 Registros obtenidos desde CSV: 20170
2025-05-25 21:07:41,299 - INFO - 📌 Solicitando datos históricos (3000 registros) desde Binance...
2025-05-25 21:07:42,514 - INFO - ✅ Datos históricos listos: 3000 registros.
2025-05-25 21:07:42,514 - INFO - 📊 Registros obtenidos en tiempo real: 3000
2025-05-25 21:07:42,540 - WARNING - ⚠️ Diferencia de columnas entre históricos y live: {'price'}
2025-05-25 21:07:42,562 - INFO - 📊 Registros en df_combined antes de validación: 18219
2025-05-25 21:07:42,564 - INFO - 🔍 Columnas en df_combined: ['close', 'high', 'low', 'open', 'price', 'timestamp', 'volume']
2025-05-25 21:07:42,572 - INFO - 📊 Primeros 5 registros:
     close     high      low     open    price        timestamp    volume
0  1823.96  1823.97  1822.55  1823.57  1823.96  1746484380000.0  152.7713
1   1822.6  1823.97  1822.20  1823.97  1822.60  1746484440000.0  182.9051
2  1823.99  1823.99  1822.60  1822.60  1823.99  1746484500000.0  197.1422
3  1824.48  1824.48  1823.68  1824.00  1824.48  1746484560000.0  179.0136
4  1824.65  1824.81  1824.00  1824.48  1824.65  1746484620000.0  110.4405
2025-05-25 21:07:42,789 - INFO - Evaluación compra: votos=1/6 | usados=['ADX']
2025-05-25 21:07:42,805 - INFO - 🟢 Señal de COMPRA detectada a $2563.64
2025-05-25 21:07:42,805 - INFO - 📊 Decisión registrada: {'timestamp': '2025-05-25 21:07:42', 'operacion': 'COMPRA', 'precio': 2563.64, 'condiciones': {'close': 2563.64, 'high': 2563.64, 'low': 2561.6, 'open': 2562.5, 'price': 2319.9672633766236, 'timestamp': '2025-05-26T01:07:00', 'volume': 283.3726, 'RSI': 53.450866671626336, 'MACD': 2.228216937936395, 'MACD_signal': 3.1603536912543095, 'MACD_hist': -0.9321367533179146, 'ATR': 3.0434607976274344, 'ADX': 30.8227453549068, 'Plus_DI': 32.22647133398988, 'Minus_DI': 22.925683509779486, 'BB_Middle': 2564.0685, 'BB_Upper': 2574.493975096923, 'BB_Lower': 2553.643024903077, 'Ichimoku_Tenkan': 2567.09, 'Ichimoku_Kijun': 2565.215, 'Ichimoku_SpanA': 2550.81, 'Ichimoku_SpanB': 2548.42, 'Ichimoku_Chikou': nan}, 'resultado': 'aprobado', 'indicadores_usados': []}
2025-05-25 21:07:42,805 - INFO - 📌 Operación registrada en JSON: {'timestamp': '2025-05-25 21:07:42', 'type': 'INFO', 'message': '💡 Decisión de compra', 'additional_data': {'precio': 2563.64, 'indicadores': {'close': 2563.64, 'high': 2563.64, 'low': 2561.6, 'open': 2562.5, 'price': 2319.9672633766236, 'timestamp': '2025-05-26 01:07:00', 'volume': 283.3726, 'RSI': 53.450866671626336, 'MACD': 2.228216937936395, 'MACD_signal': 3.1603536912543095, 'MACD_hist': -0.9321367533179146, 'ATR': 3.0434607976274344, 'ADX': 30.8227453549068, 'Plus_DI': 32.22647133398988, 'Minus_DI': 22.925683509779486, 'BB_Middle': 2564.0685, 'BB_Upper': 2574.493975096923, 'BB_Lower': 2553.643024903077, 'Ichimoku_Tenkan': 2567.09, 'Ichimoku_Kijun': 2565.215, 'Ichimoku_SpanA': 2550.81, 'Ichimoku_SpanB': 2548.42, 'Ichimoku_Chikou': nan}}}
2025-05-25 21:07:42,840 - INFO - ✅ Datos guardados en historial_trading.csv
2025-05-25 21:07:42,840 - INFO - ✅ 3000 nuevos registros añadidos al historial.
2025-05-25 21:07:42,840 - INFO - 🔄 Iniciando ciclo de trading...
2025-05-25 21:07:42,843 - INFO - 🌍 Conectando a Binance para obtener datos reales...
2025-05-25 21:07:43,814 - INFO - ✅ Conexión exitosa con Binance.
2025-05-25 21:07:43,814 - INFO - 📌 Solicitando datos históricos (500 registros) desde Binance...
2025-05-25 21:07:44,181 - INFO - ✅ Datos históricos listos: 500 registros.
2025-05-25 21:07:44,181 - INFO - ✅ Datos históricos obtenidos con 500 registros.
2025-05-25 21:07:44,202 - INFO - 📊 Evaluación de indicadores completada: ['❌ MACD bajista (MACD < Signal) - posible venta', '📈 Tendencia fuerte detectada (ADX > 25)', '🌤️ Ichimoku alcista (SpanA > SpanB)']
2025-05-25 21:07:44,202 - INFO - 📊 Recomendaciones basadas en indicadores: ['❌ MACD bajista (MACD < Signal) - posible venta', '📈 Tendencia fuerte detectada (ADX > 25)', '🌤️ Ichimoku alcista (SpanA > SpanB)']
2025-05-25 21:07:44,208 - INFO - Evaluación compra: votos=1/6 | usados=['ADX']
2025-05-25 21:07:44,208 - INFO - ✅ Oportunidad de compra detectada (SIMULADA).
2025-05-25 21:07:44,209 - INFO - 📊 Decisión registrada: {'timestamp': '2025-05-25 21:07:44', 'operacion': 'COMPRA', 'precio': 2563.63, 'condiciones': {'timestamp': '2025-05-26T01:07:00', 'open': 2562.5, 'high': 2563.64, 'low': 2561.6, 'close': 2563.63, 'volume': 286.8171, 'RSI': 53.434432910858575, 'MACD': 2.8210543670875268, 'MACD_signal': 3.615436451066238, 'MACD_hist': -0.7943820839787112, 'ATR': 3.203777019733598, 'ADX': 33.052861498454014, 'Plus_DI': 35.50483931705289, 'Minus_DI': 25.257891278646355, 'BB_Middle': 2563.447, 'BB_Upper': 2574.6875766755365, 'BB_Lower': 2552.2064233244637, 'Ichimoku_Tenkan': 2569.3, 'Ichimoku_Kijun': 2565.215, 'Ichimoku_SpanA': 2549.435, 'Ichimoku_SpanB': 2547.73, 'Ichimoku_Chikou': nan}, 'resultado': 'simulada', 'indicadores_usados': []}
2025-05-25 21:07:44,209 - INFO - ✅ Ciclo de trading completado.
2025-05-29 10:15:58,924 - INFO - ⚙️ Iniciando bot de trading...
2025-05-29 10:15:58,924 - INFO - 🔗 Conectando a Binance...
2025-05-29 10:16:00,054 - INFO - ✅ Conexión exitosa con Binance.
2025-05-29 10:16:00,054 - INFO - 📊 Obteniendo datos históricos de ETHUSDT en intervalo 1m...
2025-05-29 10:16:00,054 - INFO - 📌 Solicitando datos históricos (5000 registros) desde Binance...
2025-05-29 10:16:01,174 - INFO - ✅ Datos históricos listos: 3000 registros.
2025-05-29 10:16:01,174 - INFO - ✅ Datos históricos obtenidos con 3000 registros.
2025-05-29 10:16:02,320 - INFO - ✅ Conexión exitosa con Binance.
2025-05-29 10:16:02,321 - INFO - 📥 Obteniendo 3000 registros de ETHUSDT...
2025-05-29 10:16:02,376 - INFO - 🔍 Columnas detectadas: ['close', 'high', 'low', 'open', 'price', 'timestamp', 'volume']
2025-05-29 10:16:02,396 - INFO - 🔍 Primeras 5 filas:
     close     high      low     open    price        timestamp    volume
0  1823.96  1823.97  1822.55  1823.57  1823.96  1746484380000.0  152.7713
1  1822.60  1823.97  1822.20  1823.97  1822.60  1746484440000.0  182.9051
2  1823.99  1823.99  1822.60  1822.60  1823.99  1746484500000.0  197.1422
3  1824.48  1824.48  1823.68  1824.00  1824.48  1746484560000.0  179.0136
4  1824.65  1824.81  1824.00  1824.48  1824.65  1746484620000.0  110.4405
2025-05-29 10:16:02,438 - INFO - ✅ Datos históricos obtenidos: 23336 registros.
2025-05-29 10:16:02,438 - INFO - 📊 Registros obtenidos desde CSV: 23336
2025-05-29 10:16:02,438 - INFO - 📌 Solicitando datos históricos (3000 registros) desde Binance...
2025-05-29 10:16:03,950 - INFO - ✅ Datos históricos listos: 3000 registros.
2025-05-29 10:16:03,950 - INFO - 📊 Registros obtenidos en tiempo real: 3000
2025-05-29 10:16:03,979 - WARNING - ⚠️ Diferencia de columnas entre históricos y live: {'price'}
2025-05-29 10:16:04,020 - INFO - 📊 Registros en df_combined antes de validación: 24338
2025-05-29 10:16:04,020 - INFO - 🔍 Columnas en df_combined: ['close', 'high', 'low', 'open', 'price', 'timestamp', 'volume']
2025-05-29 10:16:04,024 - INFO - 📊 Primeros 5 registros:
     close     high      low     open    price        timestamp    volume
0  1823.96  1823.97  1822.55  1823.57  1823.96  1746484380000.0  152.7713
1  1822.60  1823.97  1822.20  1823.97  1822.60  1746484440000.0  182.9051
2  1823.99  1823.99  1822.60  1822.60  1823.99  1746484500000.0  197.1422
3  1824.48  1824.48  1823.68  1824.00  1824.48  1746484560000.0  179.0136
4  1824.65  1824.81  1824.00  1824.48  1824.65  1746484620000.0  110.4405
2025-05-29 10:16:04,299 - INFO - Evaluación compra: votos=2/6 | usados=['RSI', 'ADX']
2025-05-29 10:16:04,299 - INFO - 🟢 Señal de COMPRA detectada a $2642.3
2025-05-29 10:16:04,299 - INFO - 📊 Decisión registrada: {'timestamp': '2025-05-29 10:16:04', 'operacion': 'COMPRA', 'precio': 2642.3, 'condiciones': {'close': 2642.3, 'high': 2643.46, 'low': 2642.29, 'open': 2643.45, 'price': 2300.2934991404013, 'timestamp': '2025-05-29T14:16:00', 'volume': 15.8, 'RSI': 31.972473039334112, 'MACD': -6.112080259539198, 'MACD_signal': -5.7805917606107275, 'MACD_hist': -0.3314884989284703, 'ATR': 4.773405164607333, 'ADX': 44.32449123088701, 'Plus_DI': 12.228995536563792, 'Minus_DI': 29.37655780879975, 'BB_Middle': 2651.9835, 'BB_Upper': 2667.93430471897, 'BB_Lower': 2636.0326952810296, 'Ichimoku_Tenkan': 2646.5699999999997, 'Ichimoku_Kijun': 2656.635, 'Ichimoku_SpanA': 2667.57, 'Ichimoku_SpanB': 2676.8900000000003, 'Ichimoku_Chikou': nan}, 'resultado': 'aprobado', 'indicadores_usados': []}
2025-05-29 10:16:04,315 - INFO - 📌 Operación registrada en JSON: {'timestamp': '2025-05-29 10:16:04', 'type': 'INFO', 'message': '💡 Decisión de compra', 'additional_data': {'precio': 2642.3, 'indicadores': {'close': 2642.3, 'high': 2643.46, 'low': 2642.29, 'open': 2643.45, 'price': 2300.2934991404013, 'timestamp': '2025-05-29 14:16:00', 'volume': 15.8, 'RSI': 31.972473039334112, 'MACD': -6.112080259539198, 'MACD_signal': -5.7805917606107275, 'MACD_hist': -0.3314884989284703, 'ATR': 4.773405164607333, 'ADX': 44.32449123088701, 'Plus_DI': 12.228995536563792, 'Minus_DI': 29.37655780879975, 'BB_Middle': 2651.9835, 'BB_Upper': 2667.93430471897, 'BB_Lower': 2636.0326952810296, 'Ichimoku_Tenkan': 2646.5699999999997, 'Ichimoku_Kijun': 2656.635, 'Ichimoku_SpanA': 2667.57, 'Ichimoku_SpanB': 2676.8900000000003, 'Ichimoku_Chikou': nan}}}
2025-05-29 10:16:04,357 - INFO - ✅ Datos guardados en historial_trading.csv
2025-05-29 10:16:04,357 - INFO - ✅ 3000 nuevos registros añadidos al historial.
2025-05-29 10:16:04,357 - INFO - 🔄 Iniciando ciclo de trading...
2025-05-29 10:16:04,357 - INFO - 🌍 Conectando a Binance para obtener datos reales...
2025-05-29 10:16:05,204 - INFO - ✅ Conexión exitosa con Binance.
2025-05-29 10:16:05,204 - INFO - 📌 Solicitando datos históricos (500 registros) desde Binance...
2025-05-29 10:16:05,574 - INFO - ✅ Datos históricos listos: 500 registros.
2025-05-29 10:16:05,574 - INFO - ✅ Datos históricos obtenidos con 500 registros.
2025-05-29 10:16:05,606 - INFO - 📊 Evaluación de indicadores completada: ['❌ MACD bajista (MACD < Signal) - posible venta', '📈 Tendencia fuerte detectada (ADX > 25)', '🌧️ Ichimoku bajista (SpanA < SpanB)']
2025-05-29 10:16:05,607 - INFO - 📊 Recomendaciones basadas en indicadores: ['❌ MACD bajista (MACD < Signal) - posible venta', '📈 Tendencia fuerte detectada (ADX > 25)', '🌧️ Ichimoku bajista (SpanA < SpanB)']
2025-05-29 10:16:05,607 - INFO - Evaluación compra: votos=2/6 | usados=['RSI', 'ADX']
2025-05-29 10:16:05,608 - INFO - ✅ Oportunidad de compra detectada (SIMULADA).
2025-05-29 10:16:05,608 - INFO - 📊 Decisión registrada: {'timestamp': '2025-05-29 10:16:05', 'operacion': 'COMPRA', 'precio': 2641.46, 'condiciones': {'timestamp': '2025-05-29T14:16:00', 'open': 2643.45, 'high': 2643.46, 'low': 2641.46, 'close': 2641.46, 'volume': 26.1621, 'RSI': 31.306606083559284, 'MACD': -6.069734017855353, 'MACD_signal': -5.609791738341105, 'MACD_hist': -0.45994227951424804, 'ATR': 5.408382828268167, 'ADX': 44.86132039668545, 'Plus_DI': 12.517598763730518, 'Minus_DI': 30.479259349303447, 'BB_Middle': 2653.688, 'BB_Upper': 2668.95236320317, 'BB_Lower': 2638.42363679683, 'Ichimoku_Tenkan': 2646.415, 'Ichimoku_Kijun': 2657.9300000000003, 'Ichimoku_SpanA': 2665.7425000000003, 'Ichimoku_SpanB': 2676.8900000000003, 'Ichimoku_Chikou': nan}, 'resultado': 'simulada', 'indicadores_usados': []}
2025-05-29 10:16:05,609 - INFO - ✅ Ciclo de trading completado.
2025-05-29 10:31:20,424 - INFO - ⚙️ Iniciando bot de trading...
2025-05-29 10:31:20,424 - INFO - 🔗 Conectando a Binance...
2025-05-29 10:31:21,340 - INFO - ✅ Conexión exitosa con Binance.
2025-05-29 10:31:21,340 - INFO - 📊 Obteniendo datos históricos de ETHUSDT en intervalo 1m...
2025-05-29 10:31:21,340 - INFO - 📌 Solicitando datos históricos (5000 registros) desde Binance...
2025-05-29 10:31:24,539 - INFO - ✅ Datos históricos listos: 3000 registros.
2025-05-29 10:31:24,539 - INFO - ✅ Datos históricos obtenidos con 3000 registros.
2025-05-29 10:31:25,824 - INFO - ✅ Conexión exitosa con Binance.
2025-05-29 10:31:25,824 - INFO - 📥 Obteniendo 3000 registros de ETHUSDT...
2025-05-29 10:31:25,862 - INFO - 🔍 Columnas detectadas: ['close', 'high', 'low', 'open', 'price', 'timestamp', 'volume']
2025-05-29 10:31:25,874 - INFO - 🔍 Primeras 5 filas:
     close     high      low     open    price        timestamp    volume
0  1823.96  1823.97  1822.55  1823.57  1823.96  1746484380000.0  152.7713
1   1822.6  1823.97  1822.20  1823.97  1822.60  1746484440000.0  182.9051
2  1823.99  1823.99  1822.60  1822.60  1823.99  1746484500000.0  197.1422
3  1824.48  1824.48  1823.68  1824.00  1824.48  1746484560000.0  179.0136
4  1824.65  1824.81  1824.00  1824.48  1824.65  1746484620000.0  110.4405
2025-05-29 10:31:25,924 - INFO - ✅ Datos históricos obtenidos: 26336 registros.
2025-05-29 10:31:25,937 - INFO - 📊 Registros obtenidos desde CSV: 26336
2025-05-29 10:31:25,937 - INFO - 📌 Solicitando datos históricos (3000 registros) desde Binance...
2025-05-29 10:31:27,543 - INFO - ✅ Datos históricos listos: 3000 registros.
2025-05-29 10:31:27,553 - INFO - 📊 Registros obtenidos en tiempo real: 3000
2025-05-29 10:31:27,579 - WARNING - ⚠️ Diferencia de columnas entre históricos y live: {'price'}
2025-05-29 10:31:27,604 - INFO - 📊 Registros en df_combined antes de validación: 25340
2025-05-29 10:31:27,604 - INFO - 🔍 Columnas en df_combined: ['close', 'high', 'low', 'open', 'price', 'timestamp', 'volume']
2025-05-29 10:31:27,614 - INFO - 📊 Primeros 5 registros:
     close     high      low     open    price        timestamp    volume
0  1823.96  1823.97  1822.55  1823.57  1823.96  1746484380000.0  152.7713
1   1822.6  1823.97  1822.20  1823.97  1822.60  1746484440000.0  182.9051
2  1823.99  1823.99  1822.60  1822.60  1823.99  1746484500000.0  197.1422
3  1824.48  1824.48  1823.68  1824.00  1824.48  1746484560000.0  179.0136
4  1824.65  1824.81  1824.00  1824.48  1824.65  1746484620000.0  110.4405
2025-05-29 10:31:27,900 - INFO - Evaluación compra: votos=2/6 | usados=['ADX', 'MACD_hist']
2025-05-29 10:31:27,900 - INFO - 🟢 Señal de COMPRA detectada a $2634.1
2025-05-29 10:31:27,900 - INFO - 📊 Decisión registrada: {'timestamp': '2025-05-29 10:31:27', 'operacion': 'COMPRA', 'precio': 2634.1, 'condiciones': {'close': 2634.1, 'high': 2634.58, 'low': 2630.65, 'open': 2630.65, 'price': 2342.719108666598, 'timestamp': '2025-05-29T14:31:00', 'volume': 603.6373, 'RSI': 41.96208404222226, 'MACD': -4.505952872988473, 'MACD_signal': -5.490698876535962, 'MACD_hist': 0.9847460035474889, 'ATR': 5.4039142875428, 'ADX': 41.33635081111726, 'Plus_DI': 13.481715854798795, 'Minus_DI': 27.74411119919531, 'BB_Middle': 2635.5335, 'BB_Upper': 2646.145985608182, 'BB_Lower': 2624.921014391818, 'Ichimoku_Tenkan': 2636.09, 'Ichimoku_Kijun': 2636.645, 'Ichimoku_SpanA': 2657.8725, 'Ichimoku_SpanB': 2671.665, 'Ichimoku_Chikou': nan}, 'resultado': 'aprobado', 'indicadores_usados': []}
2025-05-29 10:31:27,900 - INFO - 📌 Operación registrada en JSON: {'timestamp': '2025-05-29 10:31:27', 'type': 'INFO', 'message': '💡 Decisión de compra', 'additional_data': {'precio': 2634.1, 'indicadores': {'close': 2634.1, 'high': 2634.58, 'low': 2630.65, 'open': 2630.65, 'price': 2342.719108666598, 'timestamp': '2025-05-29 14:31:00', 'volume': 603.6373, 'RSI': 41.96208404222226, 'MACD': -4.505952872988473, 'MACD_signal': -5.490698876535962, 'MACD_hist': 0.9847460035474889, 'ATR': 5.4039142875428, 'ADX': 41.33635081111726, 'Plus_DI': 13.481715854798795, 'Minus_DI': 27.74411119919531, 'BB_Middle': 2635.5335, 'BB_Upper': 2646.145985608182, 'BB_Lower': 2624.921014391818, 'Ichimoku_Tenkan': 2636.09, 'Ichimoku_Kijun': 2636.645, 'Ichimoku_SpanA': 2657.8725, 'Ichimoku_SpanB': 2671.665, 'Ichimoku_Chikou': nan}}}
2025-05-29 10:31:27,947 - INFO - ✅ Datos guardados en historial_trading.csv
2025-05-29 10:31:27,947 - INFO - ✅ 3000 nuevos registros añadidos al historial.
2025-05-29 10:31:27,953 - INFO - 🔄 Iniciando ciclo de trading...
2025-05-29 10:31:27,953 - INFO - 🌍 Conectando a Binance para obtener datos reales...
2025-05-29 10:31:28,754 - INFO - ✅ Conexión exitosa con Binance.
2025-05-29 10:31:28,754 - INFO - 📌 Solicitando datos históricos (500 registros) desde Binance...
2025-05-29 10:31:29,124 - INFO - ✅ Datos históricos listos: 500 registros.
2025-05-29 10:31:29,124 - INFO - ✅ Datos históricos obtenidos con 500 registros.
2025-05-29 10:31:29,153 - INFO - 📊 Evaluación de indicadores completada: ['✅ MACD alcista (MACD > Signal) - posible compra', '📈 Tendencia fuerte detectada (ADX > 25)', '🌧️ Ichimoku bajista (SpanA < SpanB)']
2025-05-29 10:31:29,154 - INFO - 📊 Recomendaciones basadas en indicadores: ['✅ MACD alcista (MACD > Signal) - posible compra', '📈 Tendencia fuerte detectada (ADX > 25)', '🌧️ Ichimoku bajista (SpanA < SpanB)']
2025-05-29 10:31:29,155 - INFO - Evaluación compra: votos=2/6 | usados=['ADX', 'MACD_hist']
2025-05-29 10:31:29,156 - INFO - ✅ Oportunidad de compra detectada (SIMULADA).
2025-05-29 10:31:29,157 - INFO - 📊 Decisión registrada: {'timestamp': '2025-05-29 10:31:29', 'operacion': 'COMPRA', 'precio': 2634.18, 'condiciones': {'timestamp': '2025-05-29T14:31:00', 'open': 2630.65, 'high': 2634.58, 'low': 2630.65, 'close': 2634.18, 'volume': 615.9475, 'RSI': 42.0444056504809, 'MACD': -4.93401388024904, 'MACD_signal': -5.984362905653702, 'MACD_hist': 1.0503490254046621, 'ATR': 5.639391718097001, 'ADX': 42.41324716052931, 'Plus_DI': 14.982722162515362, 'Minus_DI': 30.83304189321812, 'BB_Middle': 2637.0585, 'BB_Upper': 2650.387934008915, 'BB_Lower': 2623.729065991085, 'Ichimoku_Tenkan': 2636.09, 'Ichimoku_Kijun': 2639.715, 'Ichimoku_SpanA': 2661.75, 'Ichimoku_SpanB': 2675.12, 'Ichimoku_Chikou': nan}, 'resultado': 'simulada', 'indicadores_usados': []}
2025-05-29 10:31:29,158 - INFO - ✅ Ciclo de trading completado.
2025-05-29 13:01:32,417 - INFO - ⚙️ Iniciando bot de trading...
2025-05-29 13:01:32,417 - INFO - 🔗 Conectando a Binance...
2025-05-29 13:01:34,290 - INFO - ✅ Conexión exitosa con Binance.
2025-05-29 13:01:34,290 - INFO - 📊 Obteniendo datos históricos de ETHUSDT en intervalo 1m...
2025-05-29 13:01:34,290 - INFO - 📌 Solicitando datos históricos (5000 registros) desde Binance...
2025-05-29 13:01:35,824 - INFO - ✅ Datos históricos listos: 3000 registros.
2025-05-29 13:01:35,824 - INFO - ✅ Datos históricos obtenidos con 3000 registros.
2025-05-29 13:01:37,065 - INFO - ✅ Conexión exitosa con Binance.
2025-05-29 13:01:37,065 - INFO - 📥 Obteniendo 3000 registros de ETHUSDT...
2025-05-29 13:01:37,112 - INFO - 🔍 Columnas detectadas: ['close', 'high', 'low', 'open', 'price', 'timestamp', 'volume']
2025-05-29 13:01:37,128 - INFO - 🔍 Primeras 5 filas:
     close     high      low     open    price        timestamp    volume
0  1823.96  1823.97  1822.55  1823.57  1823.96  1746484380000.0  152.7713
1  1822.60  1823.97  1822.20  1823.97  1822.60  1746484440000.0  182.9051
2  1823.99  1823.99  1822.60  1822.60  1823.99  1746484500000.0  197.1422
3  1824.48  1824.48  1823.68  1824.00  1824.48  1746484560000.0  179.0136
4  1824.65  1824.81  1824.00  1824.48  1824.65  1746484620000.0  110.4405
2025-05-29 13:01:37,195 - INFO - ✅ Datos históricos obtenidos: 25353 registros.
2025-05-29 13:01:37,195 - INFO - 📊 Registros obtenidos desde CSV: 25353
2025-05-29 13:01:37,195 - INFO - 📌 Solicitando datos históricos (3000 registros) desde Binance...
2025-05-29 13:01:38,750 - INFO - ✅ Datos históricos listos: 3000 registros.
2025-05-29 13:01:38,750 - INFO - 📊 Registros obtenidos en tiempo real: 3000
2025-05-29 13:01:38,790 - WARNING - ⚠️ Diferencia de columnas entre históricos y live: {'price'}
2025-05-29 13:01:38,800 - INFO - 📊 Registros en df_combined antes de validación: 25382
2025-05-29 13:01:38,800 - INFO - 🔍 Columnas en df_combined: ['close', 'high', 'low', 'open', 'price', 'timestamp', 'volume']
2025-05-29 13:01:38,819 - INFO - 📊 Primeros 5 registros:
     close     high      low     open    price        timestamp    volume
0  1823.96  1823.97  1822.55  1823.57  1823.96  1746484380000.0  152.7713
1  1822.60  1823.97  1822.20  1823.97  1822.60  1746484440000.0  182.9051
2  1823.99  1823.99  1822.60  1822.60  1823.99  1746484500000.0  197.1422
3  1824.48  1824.48  1823.68  1824.00  1824.48  1746484560000.0  179.0136
4  1824.65  1824.81  1824.00  1824.48  1824.65  1746484620000.0  110.4405
2025-05-29 13:01:39,106 - INFO - Evaluación compra: votos=3/6 | usados=['ADX', 'MACD_hist', 'Ichimoku_Tenkan']
2025-05-29 13:01:39,106 - INFO - 🟢 Señal de COMPRA detectada a $2644.61
2025-05-29 13:01:39,106 - INFO - 📊 Decisión registrada: {'timestamp': '2025-05-29 13:01:39', 'operacion': 'COMPRA', 'precio': 2644.61, 'condiciones': {'close': 2644.61, 'high': 2645.01, 'low': 2640.22, 'open': 2640.22, 'price': 2343.141491480189, 'timestamp': '2025-05-29T17:01:00', 'volume': 351.3188, 'RSI': 54.20805468629932, 'MACD': -1.0036160318040857, 'MACD_signal': -1.77632693785383, 'MACD_hist': 0.7727109060497444, 'ATR': 3.8450457217853105, 'ADX': 28.605769208673365, 'Plus_DI': 24.265785768020233, 'Minus_DI': 23.564484000920395, 'BB_Middle': 2641.532, 'BB_Upper': 2648.706085586644, 'BB_Lower': 2634.3579144133564, 'Ichimoku_Tenkan': 2638.23, 'Ichimoku_Kijun': 2639.185, 'Ichimoku_SpanA': 2648.6825, 'Ichimoku_SpanB': 2649.51, 'Ichimoku_Chikou': nan}, 'resultado': 'aprobado', 'indicadores_usados': []}
2025-05-29 13:01:39,122 - INFO - 📌 Operación registrada en JSON: {'timestamp': '2025-05-29 13:01:39', 'type': 'INFO', 'message': '💡 Decisión de compra', 'additional_data': {'precio': 2644.61, 'indicadores': {'close': 2644.61, 'high': 2645.01, 'low': 2640.22, 'open': 2640.22, 'price': 2343.141491480189, 'timestamp': '2025-05-29 17:01:00', 'volume': 351.3188, 'RSI': 54.20805468629932, 'MACD': -1.0036160318040857, 'MACD_signal': -1.77632693785383, 'MACD_hist': 0.7727109060497444, 'ATR': 3.8450457217853105, 'ADX': 28.605769208673365, 'Plus_DI': 24.265785768020233, 'Minus_DI': 23.564484000920395, 'BB_Middle': 2641.532, 'BB_Upper': 2648.706085586644, 'BB_Lower': 2634.3579144133564, 'Ichimoku_Tenkan': 2638.23, 'Ichimoku_Kijun': 2639.185, 'Ichimoku_SpanA': 2648.6825, 'Ichimoku_SpanB': 2649.51, 'Ichimoku_Chikou': nan}}}
2025-05-29 13:01:39,159 - INFO - ✅ Datos guardados en historial_trading.csv
2025-05-29 13:01:39,161 - INFO - ✅ 3000 nuevos registros añadidos al historial.
2025-05-29 13:01:39,161 - INFO - 🔄 Iniciando ciclo de trading...
2025-05-29 13:01:39,162 - INFO - 🌍 Conectando a Binance para obtener datos reales...
2025-05-29 13:01:40,534 - INFO - ✅ Conexión exitosa con Binance.
2025-05-29 13:01:40,534 - INFO - 📌 Solicitando datos históricos (500 registros) desde Binance...
2025-05-29 13:01:40,952 - INFO - ✅ Datos históricos listos: 500 registros.
2025-05-29 13:01:40,952 - INFO - ✅ Datos históricos obtenidos con 500 registros.
2025-05-29 13:01:40,971 - INFO - 📊 Evaluación de indicadores completada: ['✅ MACD alcista (MACD > Signal) - posible compra', '📈 Tendencia fuerte detectada (ADX > 25)', '🌧️ Ichimoku bajista (SpanA < SpanB)']
2025-05-29 13:01:40,972 - INFO - 📊 Recomendaciones basadas en indicadores: ['✅ MACD alcista (MACD > Signal) - posible compra', '📈 Tendencia fuerte detectada (ADX > 25)', '🌧️ Ichimoku bajista (SpanA < SpanB)']
2025-05-29 13:01:40,974 - INFO - Evaluación compra: votos=3/6 | usados=['ADX', 'MACD_hist', 'Ichimoku_Tenkan']
2025-05-29 13:01:40,974 - INFO - ✅ Oportunidad de compra detectada (SIMULADA).
2025-05-29 13:01:40,975 - INFO - 📊 Decisión registrada: {'timestamp': '2025-05-29 13:01:40', 'operacion': 'COMPRA', 'precio': 2642.49, 'condiciones': {'timestamp': '2025-05-29T17:01:00', 'open': 2640.22, 'high': 2645.01, 'low': 2640.22, 'close': 2642.49, 'volume': 434.261, 'RSI': 50.463507903052395, 'MACD': -1.5713128078150476, 'MACD_signal': -2.0031684820300852, 'MACD_hist': 0.4318556742150377, 'ATR': 3.7723569311533787, 'ADX': 30.693426070450172, 'Plus_DI': 26.635924362866817, 'Minus_DI': 25.866123582352458, 'BB_Middle': 2641.434, 'BB_Upper': 2648.4993588725347, 'BB_Lower': 2634.3686411274657, 'Ichimoku_Tenkan': 2638.23, 'Ichimoku_Kijun': 2639.185, 'Ichimoku_SpanA': 2648.6825, 'Ichimoku_SpanB': 2649.51, 'Ichimoku_Chikou': nan}, 'resultado': 'simulada', 'indicadores_usados': []}
2025-05-29 13:01:40,976 - INFO - ✅ Ciclo de trading completado.
2025-05-29 13:01:43,673 - INFO - ⚙️ Iniciando bot de trading...
2025-05-29 13:01:43,674 - INFO - 🔗 Conectando a Binance...
2025-05-29 13:01:44,695 - INFO - ✅ Conexión exitosa con Binance.
2025-05-29 13:01:44,695 - INFO - 📊 Obteniendo datos históricos de ETHUSDT en intervalo 1m...
2025-05-29 13:01:44,695 - INFO - 📌 Solicitando datos históricos (5000 registros) desde Binance...
2025-05-29 13:01:46,095 - INFO - ✅ Datos históricos listos: 3000 registros.
2025-05-29 13:01:46,095 - INFO - ✅ Datos históricos obtenidos con 3000 registros.
2025-05-29 13:01:47,551 - INFO - ✅ Conexión exitosa con Binance.
2025-05-29 13:01:47,551 - INFO - 📥 Obteniendo 3000 registros de ETHUSDT...
2025-05-29 13:01:47,598 - INFO - 🔍 Columnas detectadas: ['close', 'high', 'low', 'open', 'price', 'timestamp', 'volume']
2025-05-29 13:01:47,614 - INFO - 🔍 Primeras 5 filas:
     close     high      low     open    price        timestamp    volume
0  1823.96  1823.97  1822.55  1823.57  1823.96  1746484380000.0  152.7713
1   1822.6  1823.97  1822.20  1823.97  1822.60  1746484440000.0  182.9051
2  1823.99  1823.99  1822.60  1822.60  1823.99  1746484500000.0  197.1422
3  1824.48  1824.48  1823.68  1824.00  1824.48  1746484560000.0  179.0136
4  1824.65  1824.81  1824.00  1824.48  1824.65  1746484620000.0  110.4405
2025-05-29 13:01:47,678 - INFO - ✅ Datos históricos obtenidos: 28353 registros.
2025-05-29 13:01:47,678 - INFO - 📊 Registros obtenidos desde CSV: 28353
2025-05-29 13:01:47,678 - INFO - 📌 Solicitando datos históricos (3000 registros) desde Binance...
2025-05-29 13:01:49,641 - INFO - ✅ Datos históricos listos: 3000 registros.
2025-05-29 13:01:49,642 - INFO - 📊 Registros obtenidos en tiempo real: 3000
2025-05-29 13:01:49,668 - WARNING - ⚠️ Diferencia de columnas entre históricos y live: {'price'}
2025-05-29 13:01:49,686 - INFO - 📊 Registros en df_combined antes de validación: 26383
2025-05-29 13:01:49,686 - INFO - 🔍 Columnas en df_combined: ['close', 'high', 'low', 'open', 'price', 'timestamp', 'volume']
2025-05-29 13:01:49,698 - INFO - 📊 Primeros 5 registros:
     close     high      low     open    price        timestamp    volume
0  1823.96  1823.97  1822.55  1823.57  1823.96  1746484380000.0  152.7713
1   1822.6  1823.97  1822.20  1823.97  1822.60  1746484440000.0  182.9051
2  1823.99  1823.99  1822.60  1822.60  1823.99  1746484500000.0  197.1422
3  1824.48  1824.48  1823.68  1824.00  1824.48  1746484560000.0  179.0136
4  1824.65  1824.81  1824.00  1824.48  1824.65  1746484620000.0  110.4405
2025-05-29 13:01:50,005 - INFO - Evaluación compra: votos=3/6 | usados=['ADX', 'MACD_hist', 'Ichimoku_Tenkan']
2025-05-29 13:01:50,005 - INFO - 🟢 Señal de COMPRA detectada a $2643.6
2025-05-29 13:01:50,005 - INFO - 📊 Decisión registrada: {'timestamp': '2025-05-29 13:01:50', 'operacion': 'COMPRA', 'precio': 2643.6, 'condiciones': {'close': 2643.6, 'high': 2645.01, 'low': 2640.22, 'open': 2640.22, 'price': 2377.3894042632414, 'timestamp': '2025-05-29T17:01:00', 'volume': 472.3651, 'RSI': 52.49798419994444, 'MACD': -1.1463921456333992, 'MACD_signal': -1.817773328710848, 'MACD_hist': 0.6713811830774488, 'ATR': 3.8450457217853105, 'ADX': 28.605769208673365, 'Plus_DI': 24.265785768020233, 'Minus_DI': 23.564484000920395, 'BB_Middle': 2641.431, 'BB_Upper': 2648.4560804825155, 'BB_Lower': 2634.4059195174846, 'Ichimoku_Tenkan': 2638.23, 'Ichimoku_Kijun': 2639.185, 'Ichimoku_SpanA': 2648.6825, 'Ichimoku_SpanB': 2649.51, 'Ichimoku_Chikou': nan}, 'resultado': 'aprobado', 'indicadores_usados': []}
2025-05-29 13:01:50,005 - INFO - 📌 Operación registrada en JSON: {'timestamp': '2025-05-29 13:01:50', 'type': 'INFO', 'message': '💡 Decisión de compra', 'additional_data': {'precio': 2643.6, 'indicadores': {'close': 2643.6, 'high': 2645.01, 'low': 2640.22, 'open': 2640.22, 'price': 2377.3894042632414, 'timestamp': '2025-05-29 17:01:00', 'volume': 472.3651, 'RSI': 52.49798419994444, 'MACD': -1.1463921456333992, 'MACD_signal': -1.817773328710848, 'MACD_hist': 0.6713811830774488, 'ATR': 3.8450457217853105, 'ADX': 28.605769208673365, 'Plus_DI': 24.265785768020233, 'Minus_DI': 23.564484000920395, 'BB_Middle': 2641.431, 'BB_Upper': 2648.4560804825155, 'BB_Lower': 2634.4059195174846, 'Ichimoku_Tenkan': 2638.23, 'Ichimoku_Kijun': 2639.185, 'Ichimoku_SpanA': 2648.6825, 'Ichimoku_SpanB': 2649.51, 'Ichimoku_Chikou': nan}}}
2025-05-29 13:01:50,049 - INFO - ✅ Datos guardados en historial_trading.csv
2025-05-29 13:01:50,049 - INFO - ✅ 3000 nuevos registros añadidos al historial.
2025-05-29 13:01:50,049 - INFO - 🔄 Iniciando ciclo de trading...
2025-05-29 13:01:50,049 - INFO - 🌍 Conectando a Binance para obtener datos reales...
2025-05-29 13:01:51,144 - INFO - ✅ Conexión exitosa con Binance.
2025-05-29 13:01:51,144 - INFO - 📌 Solicitando datos históricos (500 registros) desde Binance...
2025-05-29 13:01:51,750 - INFO - ✅ Datos históricos listos: 500 registros.
2025-05-29 13:01:51,750 - INFO - ✅ Datos históricos obtenidos con 500 registros.
2025-05-29 13:01:51,774 - INFO - 📊 Evaluación de indicadores completada: ['✅ MACD alcista (MACD > Signal) - posible compra', '📈 Tendencia fuerte detectada (ADX > 25)', '🌧️ Ichimoku bajista (SpanA < SpanB)']
2025-05-29 13:01:51,774 - INFO - 📊 Recomendaciones basadas en indicadores: ['✅ MACD alcista (MACD > Signal) - posible compra', '📈 Tendencia fuerte detectada (ADX > 25)', '🌧️ Ichimoku bajista (SpanA < SpanB)']
2025-05-29 13:01:51,774 - INFO - Evaluación compra: votos=3/6 | usados=['ADX', 'MACD_hist', 'Ichimoku_Tenkan']
2025-05-29 13:01:51,774 - INFO - ✅ Oportunidad de compra detectada (SIMULADA).
2025-05-29 13:01:51,784 - INFO - 📊 Decisión registrada: {'timestamp': '2025-05-29 13:01:51', 'operacion': 'COMPRA', 'precio': 2643.59, 'condiciones': {'timestamp': '2025-05-29T17:01:00', 'open': 2640.22, 'high': 2645.01, 'low': 2640.22, 'close': 2643.59, 'volume': 475.132, 'RSI': 52.47906193003925, 'MACD': -1.4835635200656725, 'MACD_signal': -1.98561862448021, 'MACD_hist': 0.5020551044145376, 'ATR': 3.7723569311533787, 'ADX': 30.693426070450172, 'Plus_DI': 26.635924362866817, 'Minus_DI': 25.866123582352458, 'BB_Middle': 2641.489, 'BB_Upper': 2648.6033401660097, 'BB_Lower': 2634.3746598339903, 'Ichimoku_Tenkan': 2638.23, 'Ichimoku_Kijun': 2639.185, 'Ichimoku_SpanA': 2648.6825, 'Ichimoku_SpanB': 2649.51, 'Ichimoku_Chikou': nan}, 'resultado': 'simulada', 'indicadores_usados': []}
2025-05-29 13:01:51,785 - INFO - ✅ Ciclo de trading completado.
